Category,Persian Year,Persian Month Name En,Persian Day Number Of Month, Net Item Fcast 
book,1395,Farvardin,2,183
book,1395,Farvardin,3,174
book,1395,Farvardin,4,258
book,1395,Farvardin,5,251
book,1395,Farvardin,6,192
book,1395,Farvardin,7,220
book,1395,Farvardin,8,361
book,1395,Farvardin,9,301
book,1395,Farvardin,10,508
book,1395,Farvardin,11,213
book,1395,Farvardin,12,256
book,1395,Farvardin,13,251
book,1395,Farvardin,14,391
book,1395,Farvardin,15,416
book,1395,Farvardin,16,491
book,1395,Farvardin,17,308
book,1395,Farvardin,18,521
book,1395,Farvardin,19,325
book,1395,Farvardin,20,435
book,1395,Farvardin,21,479
book,1395,Farvardin,22,599
book,1395,Farvardin,23,661
book,1395,Farvardin,24,505
book,1395,Farvardin,25,687
book,1395,Farvardin,26,567
book,1395,Farvardin,27,794
book,1395,Farvardin,28,507
book,1395,Farvardin,29,914
book,1395,Farvardin,30,896
book,1395,Farvardin,31,781
book,1395,Ordibehesht,1,925
book,1395,Ordibehesht,2,756
book,1395,Ordibehesht,3,"1,345"
book,1395,Ordibehesht,4,553
book,1395,Ordibehesht,5,648
book,1395,Ordibehesht,6,655
book,1395,Ordibehesht,7,"1,033"
book,1395,Ordibehesht,8,"2,010"
book,1395,Ordibehesht,9,570
book,1395,Ordibehesht,10,567
book,1395,Ordibehesht,11,805
book,1395,Ordibehesht,12,729
book,1395,Ordibehesht,13,"1,161"
book,1395,Ordibehesht,14,"2,187"
book,1395,Ordibehesht,15,"2,674"
book,1395,Ordibehesht,16,"2,010"
book,1395,Ordibehesht,17,"2,309"
book,1395,Ordibehesht,18,"2,919"
book,1395,Ordibehesht,19,"2,785"
book,1395,Ordibehesht,20,"2,915"
book,1395,Ordibehesht,21,"3,080"
book,1395,Ordibehesht,22,"4,053"
book,1395,Ordibehesht,23,"1,971"
book,1395,Ordibehesht,24,"2,330"
book,1395,Ordibehesht,25,"3,527"
book,1395,Ordibehesht,26,"1,522"
book,1395,Ordibehesht,27,"1,225"
book,1395,Ordibehesht,28,"2,141"
book,1395,Ordibehesht,29,"1,840"
book,1395,Ordibehesht,30,"1,554"
book,1395,Ordibehesht,31,896
book,1395,Khordad,1,920
book,1395,Khordad,2,956
book,1395,Khordad,3,"1,240"
book,1395,Khordad,4,"1,207"
book,1395,Khordad,5,"1,033"
book,1395,Khordad,6,812
book,1395,Khordad,7,"1,511"
book,1395,Khordad,8,841
book,1395,Khordad,9,869
book,1395,Khordad,10,910
book,1395,Khordad,11,865
book,1395,Khordad,12,868
book,1395,Khordad,13,860
book,1395,Khordad,14,809
book,1395,Khordad,15,"1,399"
book,1395,Khordad,16,"1,001"
book,1395,Khordad,17,955
book,1395,Khordad,18,"1,109"
book,1395,Khordad,19,812
book,1395,Khordad,20,"1,183"
book,1395,Khordad,21,750
book,1395,Khordad,22,742
book,1395,Khordad,23,944
book,1395,Khordad,24,959
book,1395,Khordad,25,993
book,1395,Khordad,26,963
book,1395,Khordad,27,818
book,1395,Khordad,28,559
book,1395,Khordad,29,"1,088"
book,1395,Khordad,30,672
book,1395,Khordad,31,818
book,1395,Tir,1,"1,068"
book,1395,Tir,2,944
book,1395,Tir,3,846
book,1395,Tir,4,816
book,1395,Tir,5,959
book,1395,Tir,6,883
book,1395,Tir,7,783
book,1395,Tir,8,"1,036"
book,1395,Tir,9,769
book,1395,Tir,10,752
book,1395,Tir,11,396
book,1395,Tir,12,875
book,1395,Tir,13,946
book,1395,Tir,14,"1,086"
book,1395,Tir,15,729
book,1395,Tir,16,608
book,1395,Tir,17,533
book,1395,Tir,18,605
book,1395,Tir,19,"1,155"
book,1395,Tir,20,757
book,1395,Tir,21,668
book,1395,Tir,22,651
book,1395,Tir,23,728
book,1395,Tir,24,532
book,1395,Tir,25,510
book,1395,Tir,26,626
book,1395,Tir,27,679
book,1395,Tir,28,559
book,1395,Tir,29,482
book,1395,Tir,30,675
book,1395,Tir,31,669
book,1395,Mordad,1,629
book,1395,Mordad,2,755
book,1395,Mordad,3,659
book,1395,Mordad,4,815
book,1395,Mordad,5,"1,063"
book,1395,Mordad,6,666
book,1395,Mordad,7,825
book,1395,Mordad,8,675
book,1395,Mordad,9,655
book,1395,Mordad,10,699
book,1395,Mordad,11,731
book,1395,Mordad,12,676
book,1395,Mordad,13,819
book,1395,Mordad,14,634
book,1395,Mordad,15,441
book,1395,Mordad,16,696
book,1395,Mordad,17,627
book,1395,Mordad,18,"1,280"
book,1395,Mordad,19,"1,572"
book,1395,Mordad,20,791
book,1395,Mordad,21,644
book,1395,Mordad,22,561
book,1395,Mordad,23,841
book,1395,Mordad,24,652
book,1395,Mordad,25,812
book,1395,Mordad,26,805
book,1395,Mordad,27,736
book,1395,Mordad,28,755
book,1395,Mordad,29,581
book,1395,Mordad,30,750
book,1395,Mordad,31,"1,502"
book,1395,Shahrivar,1,"1,015"
book,1395,Shahrivar,2,"1,156"
book,1395,Shahrivar,3,924
book,1395,Shahrivar,4,675
book,1395,Shahrivar,5,588
book,1395,Shahrivar,6,917
book,1395,Shahrivar,7,721
book,1395,Shahrivar,8,882
book,1395,Shahrivar,9,805
book,1395,Shahrivar,10,661
book,1395,Shahrivar,11,727
book,1395,Shahrivar,12,550
book,1395,Shahrivar,13,742
book,1395,Shahrivar,14,749
book,1395,Shahrivar,15,"1,548"
book,1395,Shahrivar,16,808
book,1395,Shahrivar,17,"1,018"
book,1395,Shahrivar,18,948
book,1395,Shahrivar,19,792
book,1395,Shahrivar,20,"1,018"
book,1395,Shahrivar,21,659
book,1395,Shahrivar,22,636
book,1395,Shahrivar,23,"1,028"
book,1395,Shahrivar,24,980
book,1395,Shahrivar,25,907
book,1395,Shahrivar,26,693
book,1395,Shahrivar,27,935
book,1395,Shahrivar,28,"1,025"
book,1395,Shahrivar,29,717
book,1395,Shahrivar,30,832
book,1395,Shahrivar,31,899
book,1395,Mehr,1,673
book,1395,Mehr,2,830
book,1395,Mehr,3,704
book,1395,Mehr,4,799
book,1395,Mehr,5,790
book,1395,Mehr,6,889
book,1395,Mehr,7,706
book,1395,Mehr,8,846
book,1395,Mehr,9,913
book,1395,Mehr,10,746
book,1395,Mehr,11,832
book,1395,Mehr,12,703
book,1395,Mehr,13,717
book,1395,Mehr,14,945
book,1395,Mehr,15,784
book,1395,Mehr,16,806
book,1395,Mehr,17,889
book,1395,Mehr,18,616
book,1395,Mehr,19,767
book,1395,Mehr,20,438
book,1395,Mehr,21,475
book,1395,Mehr,22,878
book,1395,Mehr,23,886
book,1395,Mehr,24,788
book,1395,Mehr,25,913
book,1395,Mehr,26,746
book,1395,Mehr,27,673
book,1395,Mehr,28,935
book,1395,Mehr,29,890
book,1395,Mehr,30,762
book,1395,Aaban,1,750
book,1395,Aaban,2,773
book,1395,Aaban,3,777
book,1395,Aaban,4,872
book,1395,Aaban,5,809
book,1395,Aaban,6,651
book,1395,Aaban,7,686
book,1395,Aaban,8,735
book,1395,Aaban,9,741
book,1395,Aaban,10,735
book,1395,Aaban,11,773
book,1395,Aaban,12,739
book,1395,Aaban,13,721
book,1395,Aaban,14,573
book,1395,Aaban,15,724
book,1395,Aaban,16,792
book,1395,Aaban,17,622
book,1395,Aaban,18,924
book,1395,Aaban,19,734
book,1395,Aaban,20,592
book,1395,Aaban,21,662
book,1395,Aaban,22,"1,016"
book,1395,Aaban,23,"1,768"
book,1395,Aaban,24,"2,633"
book,1395,Aaban,25,"1,873"
book,1395,Aaban,26,"1,779"
book,1395,Aaban,27,"2,174"
book,1395,Aaban,28,"1,803"
book,1395,Aaban,29,"1,996"
book,1395,Aaban,30,"1,329"
book,1395,Aazar,1,"1,289"
book,1395,Aazar,2,"1,460"
book,1395,Aazar,3,"1,198"
book,1395,Aazar,4,"1,165"
book,1395,Aazar,5,931
book,1395,Aazar,6,988
book,1395,Aazar,7,948
book,1395,Aazar,8,815
book,1395,Aazar,9,"1,042"
book,1395,Aazar,10,708
book,1395,Aazar,11,825
book,1395,Aazar,12,"1,058"
book,1395,Aazar,13,843
book,1395,Aazar,14,"1,018"
book,1395,Aazar,15,846
book,1395,Aazar,16,776
book,1395,Aazar,17,728
book,1395,Aazar,18,777
book,1395,Aazar,19,805
book,1395,Aazar,20,802
book,1395,Aazar,21,658
book,1395,Aazar,22,914
book,1395,Aazar,23,713
book,1395,Aazar,24,601
book,1395,Aazar,25,561
book,1395,Aazar,26,760
book,1395,Aazar,27,561
book,1395,Aazar,28,"1,047"
book,1395,Aazar,29,"1,380"
book,1395,Aazar,30,"5,447"
book,1395,Dey,1,"3,132"
book,1395,Dey,2,"1,182"
book,1395,Dey,3,"1,172"
book,1395,Dey,4,"1,249"
book,1395,Dey,5,"1,298"
book,1395,Dey,6,"1,225"
book,1395,Dey,7,"1,155"
book,1395,Dey,8,"1,039"
book,1395,Dey,9,826
book,1395,Dey,10,"1,077"
book,1395,Dey,11,"1,037"
book,1395,Dey,12,"1,070"
book,1395,Dey,13,860
book,1395,Dey,14,"1,084"
book,1395,Dey,15,"1,056"
book,1395,Dey,16,826
book,1395,Dey,17,976
book,1395,Dey,18,"1,056"
book,1395,Dey,19,"1,033"
book,1395,Dey,20,904
book,1395,Dey,21,"1,436"
book,1395,Dey,22,806
book,1395,Dey,23,776
book,1395,Dey,24,995
book,1395,Dey,25,888
book,1395,Dey,26,799
book,1395,Dey,27,"1,158"
book,1395,Dey,28,"1,049"
book,1395,Dey,29,"1,049"
book,1395,Dey,30,792
book,1395,Bahman,1,"1,043"
book,1395,Bahman,2,792
book,1395,Bahman,3,"1,070"
book,1395,Bahman,4,"1,315"
book,1395,Bahman,5,"1,039"
book,1395,Bahman,6,827
book,1395,Bahman,7,816
book,1395,Bahman,8,988
book,1395,Bahman,9,946
book,1395,Bahman,10,871
book,1395,Bahman,11,871
book,1395,Bahman,12,"1,050"
book,1395,Bahman,13,"1,275"
book,1395,Bahman,14,984
book,1395,Bahman,15,"1,138"
book,1395,Bahman,16,"1,267"
book,1395,Bahman,17,"1,264"
book,1395,Bahman,18,"1,246"
book,1395,Bahman,19,"1,064"
book,1395,Bahman,20,959
book,1395,Bahman,21,"1,044"
book,1395,Bahman,22,"1,154"
book,1395,Bahman,23,"1,005"
book,1395,Bahman,24,"1,019"
book,1395,Bahman,25,927
book,1395,Bahman,26,"1,273"
book,1395,Bahman,27,"1,036"
book,1395,Bahman,28,920
book,1395,Bahman,29,"1,134"
book,1395,Bahman,30,"1,368"
book,1395,Esfand,1,"2,342"
book,1395,Esfand,2,"1,149"
book,1395,Esfand,3,"1,247"
book,1395,Esfand,4,"1,425"
book,1395,Esfand,5,"1,109"
book,1395,Esfand,6,966
book,1395,Esfand,7,"1,299"
book,1395,Esfand,8,"1,148"
book,1395,Esfand,9,"1,175"
book,1395,Esfand,10,"1,067"
book,1395,Esfand,11,"1,022"
book,1395,Esfand,12,"1,064"
book,1395,Esfand,13,"1,243"
book,1395,Esfand,14,"1,560"
book,1395,Esfand,15,"1,516"
book,1395,Esfand,16,"1,365"
book,1395,Esfand,17,"1,646"
book,1395,Esfand,18,"1,379"
book,1395,Esfand,19,"1,621"
book,1395,Esfand,20,"2,038"
book,1395,Esfand,21,"1,977"
book,1395,Esfand,22,"2,111"
book,1395,Esfand,23,"2,117"
book,1395,Esfand,24,"1,733"
book,1395,Esfand,25,"1,760"
book,1395,Esfand,26,972
book,1395,Esfand,27,861
book,1395,Esfand,28,"1,098"
book,1395,Esfand,29,592
book,1395,Esfand,30,452
book,1396,Farvardin,1,431
book,1396,Farvardin,2,759
book,1396,Farvardin,3,473
book,1396,Farvardin,4,"1,200"
book,1396,Farvardin,5,893
book,1396,Farvardin,6,815
book,1396,Farvardin,7,708
book,1396,Farvardin,8,661
book,1396,Farvardin,9,630
book,1396,Farvardin,10,784
book,1396,Farvardin,11,619
book,1396,Farvardin,12,570
book,1396,Farvardin,13,479
book,1396,Farvardin,14,902
book,1396,Farvardin,15,770
book,1396,Farvardin,16,812
book,1396,Farvardin,17,643
book,1396,Farvardin,18,809
book,1396,Farvardin,19,"1,191"
book,1396,Farvardin,20,984
book,1396,Farvardin,21,774
book,1396,Farvardin,22,739
book,1396,Farvardin,23,843
book,1396,Farvardin,24,"1,331"
book,1396,Farvardin,25,731
book,1396,Farvardin,26,923
book,1396,Farvardin,27,"1,105"
book,1396,Farvardin,28,"1,261"
book,1396,Farvardin,29,785
book,1396,Farvardin,30,909
book,1396,Farvardin,31,676
book,1396,Ordibehesht,1,916
book,1396,Ordibehesht,2,"1,155"
book,1396,Ordibehesht,3,"1,009"
book,1396,Ordibehesht,4,899
book,1396,Ordibehesht,5,785
book,1396,Ordibehesht,6,840
book,1396,Ordibehesht,7,703
book,1396,Ordibehesht,8,759
book,1396,Ordibehesht,9,960
book,1396,Ordibehesht,10,"1,175"
book,1396,Ordibehesht,11,"1,380"
book,1396,Ordibehesht,12,"1,267"
book,1396,Ordibehesht,13,"4,315"
book,1396,Ordibehesht,14,"3,996"
book,1396,Ordibehesht,15,"3,777"
book,1396,Ordibehesht,16,"5,491"
book,1396,Ordibehesht,17,"4,344"
book,1396,Ordibehesht,18,"6,006"
book,1396,Ordibehesht,19,"5,016"
book,1396,Ordibehesht,20,"5,026"
book,1396,Ordibehesht,21,"4,361"
book,1396,Ordibehesht,22,"5,270"
book,1396,Ordibehesht,23,"8,014"
book,1396,Ordibehesht,24,"3,875"
book,1396,Ordibehesht,25,"2,586"
book,1396,Ordibehesht,26,"3,037"
book,1396,Ordibehesht,27,"1,730"
book,1396,Ordibehesht,28,"1,313"
book,1396,Ordibehesht,29,"1,075"
book,1396,Ordibehesht,30,"1,691"
book,1396,Ordibehesht,31,"2,051"
book,1396,Khordad,1,"1,144"
book,1396,Khordad,2,"1,053"
book,1396,Khordad,3,"1,099"
book,1396,Khordad,4,858
book,1396,Khordad,5,916
book,1396,Khordad,6,"1,130"
book,1396,Khordad,7,"1,271"
book,1396,Khordad,8,"1,296"
book,1396,Khordad,9,"1,315"
book,1396,Khordad,10,"1,586"
book,1396,Khordad,11,727
book,1396,Khordad,12,"1,102"
book,1396,Khordad,13,897
book,1396,Khordad,14,837
book,1396,Khordad,15,948
book,1396,Khordad,16,"1,145"
book,1396,Khordad,17,664
book,1396,Khordad,18,753
book,1396,Khordad,19,876
book,1396,Khordad,20,"1,026"
book,1396,Khordad,21,"1,071"
book,1396,Khordad,22,"1,086"
book,1396,Khordad,23,"1,012"
book,1396,Khordad,24,"1,249"
book,1396,Khordad,25,770
book,1396,Khordad,26,"1,277"
book,1396,Khordad,27,"1,411"
book,1396,Khordad,28,"1,683"
book,1396,Khordad,29,"1,163"
book,1396,Khordad,30,"1,123"
book,1396,Khordad,31,"1,250"
book,1396,Tir,1,"1,014"
book,1396,Tir,2,"1,030"
book,1396,Tir,3,"1,100"
book,1396,Tir,4,"1,092"
book,1396,Tir,5,865
book,1396,Tir,6,"1,026"
book,1396,Tir,7,658
book,1396,Tir,8,809
book,1396,Tir,9,949
book,1396,Tir,10,910
book,1396,Tir,11,"1,088"
book,1396,Tir,12,"1,074"
book,1396,Tir,13,948
book,1396,Tir,14,937
book,1396,Tir,15,665
book,1396,Tir,16,951
book,1396,Tir,17,956
book,1396,Tir,18,"1,232"
book,1396,Tir,19,"1,166"
book,1396,Tir,20,987
book,1396,Tir,21,889
book,1396,Tir,22,697
book,1396,Tir,23,829
book,1396,Tir,24,"1,250"
book,1396,Tir,25,"1,219"
book,1396,Tir,26,"1,226"
book,1396,Tir,27,834
book,1396,Tir,28,"1,050"
book,1396,Tir,29,"1,102"
book,1396,Tir,30,"1,075"
book,1396,Tir,31,"1,267"
book,1396,Mordad,1,"1,025"
book,1396,Mordad,2,986
book,1396,Mordad,3,"1,074"
book,1396,Mordad,4,851
book,1396,Mordad,5,708
book,1396,Mordad,6,836
book,1396,Mordad,7,935
book,1396,Mordad,8,"1,016"
book,1396,Mordad,9,"1,107"
book,1396,Mordad,10,918
book,1396,Mordad,11,"1,000"
book,1396,Mordad,12,735
book,1396,Mordad,13,843
book,1396,Mordad,14,823
book,1396,Mordad,15,"1,043"
book,1396,Mordad,16,"1,260"
book,1396,Mordad,17,927
book,1396,Mordad,18,756
book,1396,Mordad,19,708
book,1396,Mordad,20,937
book,1396,Mordad,21,965
book,1396,Mordad,22,920
book,1396,Mordad,23,777
book,1396,Mordad,24,801
book,1396,Mordad,25,847
book,1396,Mordad,26,853
book,1396,Mordad,27,659
book,1396,Mordad,28,"1,124"
book,1396,Mordad,29,948
book,1396,Mordad,30,963
book,1396,Mordad,31,994
book,1396,Shahrivar,1,815
book,1396,Shahrivar,2,727
book,1396,Shahrivar,3,783
book,1396,Shahrivar,4,995
book,1396,Shahrivar,5,816
book,1396,Shahrivar,6,911
book,1396,Shahrivar,7,"1,022"
book,1396,Shahrivar,8,672
book,1396,Shahrivar,9,717
book,1396,Shahrivar,10,517
book,1396,Shahrivar,11,"1,124"
book,1396,Shahrivar,12,"1,039"
book,1396,Shahrivar,13,788
book,1396,Shahrivar,14,944
book,1396,Shahrivar,15,819
book,1396,Shahrivar,16,931
book,1396,Shahrivar,17,539
book,1396,Shahrivar,18,"1,533"
book,1396,Shahrivar,19,713
book,1396,Shahrivar,20,"1,067"
book,1396,Shahrivar,21,826
book,1396,Shahrivar,22,693
book,1396,Shahrivar,23,675
book,1396,Shahrivar,24,669
book,1396,Shahrivar,25,"1,106"
book,1396,Shahrivar,26,"1,571"
book,1396,Shahrivar,27,"1,415"
book,1396,Shahrivar,28,"1,350"
book,1396,Shahrivar,29,"1,410"
book,1396,Shahrivar,30,"1,134"
book,1396,Shahrivar,31,"1,630"
book,1396,Mehr,1,741
book,1396,Mehr,2,977
book,1396,Mehr,3,830
book,1396,Mehr,4,"1,037"
book,1396,Mehr,5,815
book,1396,Mehr,6,742
book,1396,Mehr,7,557
book,1396,Mehr,8,580
book,1396,Mehr,9,822
book,1396,Mehr,10,"1,092"
book,1396,Mehr,11,"1,200"
book,1396,Mehr,12,825
book,1396,Mehr,13,"1,019"
book,1396,Mehr,14,780
book,1396,Mehr,15,"1,568"
book,1396,Mehr,16,"1,082"
book,1396,Mehr,17,"1,147"
book,1396,Mehr,18,876
book,1396,Mehr,19,850
book,1396,Mehr,20,778
book,1396,Mehr,21,706
book,1396,Mehr,22,"1,141"
book,1396,Mehr,23,"1,047"
book,1396,Mehr,24,826
book,1396,Mehr,25,795
book,1396,Mehr,26,960
book,1396,Mehr,27,598
book,1396,Mehr,28,678
book,1396,Mehr,29,641
book,1396,Mehr,30,931
book,1396,Aaban,1,"1,029"
book,1396,Aaban,2,"1,037"
book,1396,Aaban,3,"1,009"
book,1396,Aaban,4,623
book,1396,Aaban,5,615
book,1396,Aaban,6,934
book,1396,Aaban,7,969
book,1396,Aaban,8,967
book,1396,Aaban,9,868
book,1396,Aaban,10,"1,165"
book,1396,Aaban,11,760
book,1396,Aaban,12,995
book,1396,Aaban,13,"1,197"
book,1396,Aaban,14,"1,063"
book,1396,Aaban,15,902
book,1396,Aaban,16,907
book,1396,Aaban,17,917
book,1396,Aaban,18,636
book,1396,Aaban,19,"1,008"
book,1396,Aaban,20,"1,092"
book,1396,Aaban,21,"1,019"
book,1396,Aaban,22,769
book,1396,Aaban,23,959
book,1396,Aaban,24,"1,208"
book,1396,Aaban,25,"1,210"
book,1396,Aaban,26,"1,330"
book,1396,Aaban,27,"1,148"
book,1396,Aaban,28,874
book,1396,Aaban,29,766
book,1396,Aaban,30,881
book,1396,Aazar,1,697
book,1396,Aazar,2,608
book,1396,Aazar,3,"2,551"
book,1396,Aazar,4,"1,644"
book,1396,Aazar,5,869
book,1396,Aazar,6,584
book,1396,Aazar,7,921
book,1396,Aazar,8,778
book,1396,Aazar,9,837
book,1396,Aazar,10,596
book,1396,Aazar,11,627
book,1396,Aazar,12,777
book,1396,Aazar,13,718
book,1396,Aazar,14,704
book,1396,Aazar,15,700
book,1396,Aazar,16,734
book,1396,Aazar,17,641
book,1396,Aazar,18,"1,074"
book,1396,Aazar,19,"1,159"
book,1396,Aazar,20,"1,029"
book,1396,Aazar,21,728
book,1396,Aazar,22,981
book,1396,Aazar,23,636
book,1396,Aazar,24,616
book,1396,Aazar,25,784
book,1396,Aazar,26,904
book,1396,Aazar,27,970
book,1396,Aazar,28,"9,092"
book,1396,Aazar,29,"5,645"
book,1396,Aazar,30,"3,874"
book,1396,Dey,1,"1,120"
book,1396,Dey,2,998
book,1396,Dey,3,"1,063"
book,1396,Dey,4,"1,092"
book,1396,Dey,5,970
book,1396,Dey,6,930
book,1396,Dey,7,696
book,1396,Dey,8,622
book,1396,Dey,9,882
book,1396,Dey,10,945
book,1396,Dey,11,969
book,1396,Dey,12,822
book,1396,Dey,13,875
book,1396,Dey,14,812
book,1396,Dey,15,833
book,1396,Dey,16,930
book,1396,Dey,17,987
book,1396,Dey,18,"1,021"
book,1396,Dey,19,"1,030"
book,1396,Dey,20,993
book,1396,Dey,21,855
book,1396,Dey,22,"1,043"
book,1396,Dey,23,925
book,1396,Dey,24,"1,060"
book,1396,Dey,25,"1,215"
book,1396,Dey,26,"1,239"
book,1396,Dey,27,"1,063"
book,1396,Dey,28,"1,004"
book,1396,Dey,29,760
book,1396,Dey,30,"1,411"
book,1396,Bahman,1,"1,478"
book,1396,Bahman,2,"1,106"
book,1396,Bahman,3,"3,406"
book,1396,Bahman,4,"1,637"
book,1396,Bahman,5,995
book,1396,Bahman,6,"1,112"
book,1396,Bahman,7,"1,233"
book,1396,Bahman,8,958
book,1396,Bahman,9,"1,039"
book,1396,Bahman,10,"1,120"
book,1396,Bahman,11,"1,274"
book,1396,Bahman,12,983
book,1396,Bahman,13,834
book,1396,Bahman,14,"1,193"
book,1396,Bahman,15,"1,326"
book,1396,Bahman,16,"1,478"
book,1396,Bahman,17,"1,653"
book,1396,Bahman,18,"1,084"
book,1396,Bahman,19,"1,067"
book,1396,Bahman,20,"1,053"
book,1396,Bahman,21,"1,672"
book,1396,Bahman,22,"1,002"
book,1396,Bahman,23,"1,085"
book,1396,Bahman,24,"1,128"
book,1396,Bahman,25,"1,239"
book,1396,Bahman,26,934
book,1396,Bahman,27,"1,358"
book,1396,Bahman,28,"1,296"
book,1396,Bahman,29,"1,158"
book,1396,Bahman,30,"1,355"
book,1396,Esfand,1,"1,182"
book,1396,Esfand,2,962
book,1396,Esfand,3,"1,064"
book,1396,Esfand,4,"1,282"
book,1396,Esfand,5,"1,100"
book,1396,Esfand,6,"1,212"
book,1396,Esfand,7,"2,631"
book,1396,Esfand,8,"1,404"
book,1396,Esfand,9,"1,245"
book,1396,Esfand,10,"1,093"
book,1396,Esfand,11,"1,200"
book,1396,Esfand,12,"2,706"
book,1396,Esfand,13,"2,216"
book,1396,Esfand,14,"2,282"
book,1396,Esfand,15,"1,631"
book,1396,Esfand,16,"1,656"
book,1396,Esfand,17,"1,288"
book,1396,Esfand,18,"1,466"
book,1396,Esfand,19,"1,481"
book,1396,Esfand,20,"1,959"
book,1396,Esfand,21,"1,858"
book,1396,Esfand,22,"1,946"
book,1396,Esfand,23,"2,362"
book,1396,Esfand,24,"1,532"
book,1396,Esfand,25,"1,547"
book,1396,Esfand,26,"1,469"
book,1396,Esfand,27,"1,438"
book,1396,Esfand,28,865
book,1396,Esfand,29,671
book,1397,Farvardin,1,785
book,1397,Farvardin,2,925
book,1397,Farvardin,3,785
book,1397,Farvardin,4,795
book,1397,Farvardin,5,"1,242"
book,1397,Farvardin,6,"1,114"
book,1397,Farvardin,7,"1,218"
book,1397,Farvardin,8,"1,291"
book,1397,Farvardin,9,979
book,1397,Farvardin,10,797
book,1397,Farvardin,11,937
book,1397,Farvardin,12,638
book,1397,Farvardin,13,853
book,1397,Farvardin,14,"1,364"
book,1397,Farvardin,15,"1,183"
book,1397,Farvardin,16,949
book,1397,Farvardin,17,974
book,1397,Farvardin,18,"1,245"
book,1397,Farvardin,19,"1,214"
book,1397,Farvardin,20,"1,567"
book,1397,Farvardin,21,"1,235"
book,1397,Farvardin,22,"1,427"
book,1397,Farvardin,23,990
book,1397,Farvardin,24,"1,001"
book,1397,Farvardin,25,935
book,1397,Farvardin,26,"1,144"
book,1397,Farvardin,27,"1,053"
book,1397,Farvardin,28,"1,070"
book,1397,Farvardin,29,"1,282"
book,1397,Farvardin,30,811
book,1397,Farvardin,31,813
book,1397,Ordibehesht,1,"1,124"
book,1397,Ordibehesht,2,"1,316"
book,1397,Ordibehesht,3,"1,264"
book,1397,Ordibehesht,4,"1,029"
book,1397,Ordibehesht,5,854
book,1397,Ordibehesht,6,846
book,1397,Ordibehesht,7,948
book,1397,Ordibehesht,8,"1,035"
book,1397,Ordibehesht,9,"1,218"
book,1397,Ordibehesht,10,"1,154"
book,1397,Ordibehesht,11,"1,285"
book,1397,Ordibehesht,12,"4,497"
book,1397,Ordibehesht,13,"5,708"
book,1397,Ordibehesht,14,"5,090"
book,1397,Ordibehesht,15,"5,250"
book,1397,Ordibehesht,16,"4,127"
book,1397,Ordibehesht,17,"3,723"
book,1397,Ordibehesht,18,"4,297"
book,1397,Ordibehesht,19,"3,609"
book,1397,Ordibehesht,20,"3,791"
book,1397,Ordibehesht,21,"3,431"
book,1397,Ordibehesht,22,"6,080"
book,1397,Ordibehesht,23,"3,018"
book,1397,Ordibehesht,24,"2,134"
book,1397,Ordibehesht,25,"2,110"
book,1397,Ordibehesht,26,"2,244"
book,1397,Ordibehesht,27,"1,679"
book,1397,Ordibehesht,28,"1,613"
book,1397,Ordibehesht,29,"1,401"
book,1397,Ordibehesht,30,"1,162"
book,1397,Ordibehesht,31,"1,078"
book,1397,Khordad,1,850
book,1397,Khordad,2,745
book,1397,Khordad,3,780
book,1397,Khordad,4,749
book,1397,Khordad,5,991
book,1397,Khordad,6,"1,298"
book,1397,Khordad,7,"1,022"
book,1397,Khordad,8,"1,163"
book,1397,Khordad,9,990
book,1397,Khordad,10,980
book,1397,Khordad,11,"1,061"
book,1397,Khordad,12,"1,110"
book,1397,Khordad,13,850
book,1397,Khordad,14,"1,075"
book,1397,Khordad,15,843
book,1397,Khordad,16,"1,028"
book,1397,Khordad,17,785
book,1397,Khordad,18,993
book,1397,Khordad,19,"1,551"
book,1397,Khordad,20,"1,141"
book,1397,Khordad,21,"1,030"
book,1397,Khordad,22,"1,056"
book,1397,Khordad,23,"1,057"
book,1397,Khordad,24,"1,585"
book,1397,Khordad,25,851
book,1397,Khordad,26,763
book,1397,Khordad,27,"1,280"
book,1397,Khordad,28,"1,548"
book,1397,Khordad,29,"1,266"
book,1397,Khordad,30,"1,313"
book,1397,Khordad,31,"1,372"
book,1397,Tir,1,"1,191"
book,1397,Tir,2,"1,376"
book,1397,Tir,3,"1,145"
book,1397,Tir,4,973
book,1397,Tir,5,848
book,1397,Tir,6,925
book,1397,Tir,7,830
book,1397,Tir,8,930
book,1397,Tir,9,"1,158"
book,1397,Tir,10,"1,116"
book,1397,Tir,11,"1,301"
book,1397,Tir,12,"1,313"
book,1397,Tir,13,"1,925"
book,1397,Tir,14,"1,145"
book,1397,Tir,15,"1,473"
book,1397,Tir,16,"1,700"
book,1397,Tir,17,"2,218"
book,1397,Tir,18,"1,397"
book,1397,Tir,19,"2,051"
book,1397,Tir,20,"1,347"
book,1397,Tir,21,"1,421"
book,1397,Tir,22,"1,021"
book,1397,Tir,23,"1,296"
book,1397,Tir,24,990
book,1397,Tir,25,"1,026"
book,1397,Tir,26,"1,058"
book,1397,Tir,27,"1,284"
book,1397,Tir,28,"1,098"
book,1397,Tir,29,"1,159"
book,1397,Tir,30,"1,508"
book,1397,Tir,31,"1,343"
book,1397,Mordad,1,"2,496"
book,1397,Mordad,2,"2,247"
book,1397,Mordad,3,"1,679"
book,1397,Mordad,4,"1,228"
book,1397,Mordad,5,"1,093"
book,1397,Mordad,6,"1,194"
book,1397,Mordad,7,"1,714"
book,1397,Mordad,8,"1,396"
book,1397,Mordad,9,"1,194"
book,1397,Mordad,10,"1,198"
book,1397,Mordad,11,972
book,1397,Mordad,12,"1,000"
book,1397,Mordad,13,"1,768"
book,1397,Mordad,14,"2,205"
book,1397,Mordad,15,"1,704"
book,1397,Mordad,16,"1,609"
book,1397,Mordad,17,"1,450"
book,1397,Mordad,18,"1,133"
book,1397,Mordad,19,967
book,1397,Mordad,20,"1,520"
book,1397,Mordad,21,"1,375"
book,1397,Mordad,22,"1,212"
book,1397,Mordad,23,"1,169"
book,1397,Mordad,24,"1,193"
book,1397,Mordad,25,900
book,1397,Mordad,26,977
book,1397,Mordad,27,"1,841"
book,1397,Mordad,28,"1,161"
book,1397,Mordad,29,"1,639"
book,1397,Mordad,30,"1,239"
book,1397,Mordad,31,"1,761"
book,1397,Shahrivar,1,"1,298"
book,1397,Shahrivar,2,"1,074"
book,1397,Shahrivar,3,"1,183"
book,1397,Shahrivar,4,"1,162"
book,1397,Shahrivar,5,"1,491"
book,1397,Shahrivar,6,"1,149"
book,1397,Shahrivar,7,"1,151"
book,1397,Shahrivar,8,850
book,1397,Shahrivar,9,928
book,1397,Shahrivar,10,"1,344"
book,1397,Shahrivar,11,"1,361"
book,1397,Shahrivar,12,"1,162"
book,1397,Shahrivar,13,"1,158"
book,1397,Shahrivar,14,"1,102"
book,1397,Shahrivar,15,"1,022"
book,1397,Shahrivar,16,"1,014"
book,1397,Shahrivar,17,"2,113"
book,1397,Shahrivar,18,"1,396"
book,1397,Shahrivar,19,"1,256"
book,1397,Shahrivar,20,862
book,1397,Shahrivar,21,"1,252"
book,1397,Shahrivar,22,"1,029"
book,1397,Shahrivar,23,886
book,1397,Shahrivar,24,"1,333"
book,1397,Shahrivar,25,965
book,1397,Shahrivar,26,998
book,1397,Shahrivar,27,"1,158"
book,1397,Shahrivar,28,907
book,1397,Shahrivar,29,847
book,1397,Shahrivar,30,"1,334"
book,1397,Shahrivar,31,"1,239"
book,1397,Mehr,1,"1,408"
book,1397,Mehr,2,"1,327"
book,1397,Mehr,3,"1,232"
book,1397,Mehr,4,"1,051"
book,1397,Mehr,5,986
book,1397,Mehr,6,"1,324"
book,1397,Mehr,7,"1,197"
book,1397,Mehr,8,"1,518"
book,1397,Mehr,9,"1,291"
book,1397,Mehr,10,"1,765"
book,1397,Mehr,11,990
book,1397,Mehr,12,979
book,1397,Mehr,13,"1,092"
book,1397,Mehr,14,"1,246"
book,1397,Mehr,15,"1,599"
book,1397,Mehr,16,"1,364"
book,1397,Mehr,17,"1,259"
book,1397,Mehr,18,"1,485"
book,1397,Mehr,19,"1,068"
book,1397,Mehr,20,"1,140"
book,1397,Mehr,21,"1,764"
book,1397,Mehr,22,"1,448"
book,1397,Mehr,23,"1,375"
book,1397,Mehr,24,"1,497"
book,1397,Mehr,25,"1,183"
book,1397,Mehr,26,969
book,1397,Mehr,27,"1,312"
book,1397,Mehr,28,"1,551"
book,1397,Mehr,29,"1,308"
book,1397,Mehr,30,"1,961"
book,1397,Aaban,1,"1,379"
book,1397,Aaban,2,"1,406"
book,1397,Aaban,3,"1,481"
book,1397,Aaban,4,"1,120"
book,1397,Aaban,5,"1,518"
book,1397,Aaban,6,"2,951"
book,1397,Aaban,7,"1,161"
book,1397,Aaban,8,"1,471"
book,1397,Aaban,9,"1,728"
book,1397,Aaban,10,"1,036"
book,1397,Aaban,11,"1,246"
book,1397,Aaban,12,"1,233"
book,1397,Aaban,13,"1,480"
book,1397,Aaban,14,"1,491"
book,1397,Aaban,15,"1,058"
book,1397,Aaban,16,"1,231"
book,1397,Aaban,17,"1,165"
book,1397,Aaban,18,"1,201"
book,1397,Aaban,19,"1,607"
book,1397,Aaban,20,"2,351"
book,1397,Aaban,21,"1,817"
book,1397,Aaban,22,"1,903"
book,1397,Aaban,23,"2,121"
book,1397,Aaban,24,"1,817"
book,1397,Aaban,25,"2,022"
book,1397,Aaban,26,"1,470"
book,1397,Aaban,27,"1,288"
book,1397,Aaban,28,"1,404"
book,1397,Aaban,29,"1,599"
book,1397,Aaban,30,"1,205"
book,1397,Aazar,1,"1,488"
book,1397,Aazar,2,"1,912"
book,1397,Aazar,3,"1,365"
book,1397,Aazar,4,"1,414"
book,1397,Aazar,5,"1,284"
book,1397,Aazar,6,"1,298"
book,1397,Aazar,7,"1,009"
book,1397,Aazar,8,"1,162"
book,1397,Aazar,9,"1,372"
book,1397,Aazar,10,"1,382"
book,1397,Aazar,11,"1,427"
book,1397,Aazar,12,"1,239"
book,1397,Aazar,13,"1,224"
book,1397,Aazar,14,"1,116"
book,1397,Aazar,15,"1,184"
book,1397,Aazar,16,"1,639"
book,1397,Aazar,17,"1,295"
book,1397,Aazar,18,"1,197"
book,1397,Aazar,19,"1,322"
book,1397,Aazar,20,"1,247"
book,1397,Aazar,21,"1,155"
book,1397,Aazar,22,"1,116"
book,1397,Aazar,23,966
book,1397,Aazar,24,"1,285"
book,1397,Aazar,25,"1,197"
book,1397,Aazar,26,"1,186"
book,1397,Aazar,27,"5,313"
book,1397,Aazar,28,"4,138"
book,1397,Aazar,29,"4,102"
book,1397,Aazar,30,"5,272"
book,1397,Dey,1,"2,076"
book,1397,Dey,2,"1,411"
book,1397,Dey,3,"1,543"
book,1397,Dey,4,"1,715"
book,1397,Dey,5,"1,917"
book,1397,Dey,6,"1,467"
book,1397,Dey,7,"1,509"
book,1397,Dey,8,"1,637"
book,1397,Dey,9,"1,354"
book,1397,Dey,10,"1,497"
book,1397,Dey,11,"1,418"
book,1397,Dey,12,"1,172"
book,1397,Dey,13,"1,095"
book,1397,Dey,14,"1,040"
book,1397,Dey,15,"1,555"
book,1397,Dey,16,"1,726"
book,1397,Dey,17,"1,474"
book,1397,Dey,18,"1,484"
book,1397,Dey,19,"1,176"
book,1397,Dey,20,"1,366"
book,1397,Dey,21,"1,399"
book,1397,Dey,22,"1,873"
book,1397,Dey,23,"1,516"
book,1397,Dey,24,"1,904"
book,1397,Dey,25,"1,732"
book,1397,Dey,26,"1,730"
book,1397,Dey,27,"1,308"
book,1397,Dey,28,"1,844"
book,1397,Dey,29,"1,835"
book,1397,Dey,30,"1,861"
book,1397,Bahman,1,"1,858"
book,1397,Bahman,2,"2,164"
book,1397,Bahman,3,"2,202"
book,1397,Bahman,4,"1,798"
book,1397,Bahman,5,"1,779"
book,1397,Bahman,6,"4,134"
book,1397,Bahman,7,"3,261"
book,1397,Bahman,8,"2,110"
book,1397,Bahman,9,"2,131"
book,1397,Bahman,10,"1,744"
book,1397,Bahman,11,"2,121"
book,1397,Bahman,12,"1,907"
book,1397,Bahman,13,"2,559"
book,1397,Bahman,14,"2,213"
book,1397,Bahman,15,"2,180"
book,1397,Bahman,16,"1,750"
book,1397,Bahman,17,"1,812"
book,1397,Bahman,18,"1,865"
book,1397,Bahman,19,"2,671"
book,1397,Bahman,20,"2,439"
book,1397,Bahman,21,"2,086"
book,1397,Bahman,22,"1,894"
book,1397,Bahman,23,"1,712"
book,1397,Bahman,24,"1,931"
book,1397,Bahman,25,"1,861"
book,1397,Bahman,26,"1,870"
book,1397,Bahman,27,"1,840"
book,1397,Bahman,28,"1,733"
book,1397,Bahman,29,"1,488"
book,1397,Bahman,30,"2,344"
book,1397,Esfand,1,"3,536"
book,1397,Esfand,2,"2,586"
book,1397,Esfand,3,"3,186"
book,1397,Esfand,4,"2,257"
book,1397,Esfand,5,"2,479"
book,1397,Esfand,6,"2,512"
book,1397,Esfand,7,"2,111"
book,1397,Esfand,8,"2,346"
book,1397,Esfand,9,"1,512"
book,1397,Esfand,10,"1,673"
book,1397,Esfand,11,"1,898"
book,1397,Esfand,12,"2,022"
book,1397,Esfand,13,"2,068"
book,1397,Esfand,14,"1,984"
book,1397,Esfand,15,"2,188"
book,1397,Esfand,16,"1,621"
book,1397,Esfand,17,"1,677"
book,1397,Esfand,18,"2,160"
book,1397,Esfand,19,"2,254"
book,1397,Esfand,20,"2,370"
book,1397,Esfand,21,"2,195"
book,1397,Esfand,22,"2,974"
book,1397,Esfand,23,"2,761"
book,1397,Esfand,24,"2,338"
book,1397,Esfand,25,"2,603"
book,1397,Esfand,26,"1,907"
book,1397,Esfand,27,"1,611"
book,1397,Esfand,28,"1,379"
book,1397,Esfand,29,872
book,1398,Farvardin,1,804
book,1398,Farvardin,2,822
book,1398,Farvardin,3,"1,512"
book,1398,Farvardin,4,"1,208"
book,1398,Farvardin,5,"1,581"
book,1398,Farvardin,6,"1,270"
book,1398,Farvardin,7,"1,499"
book,1398,Farvardin,8,"1,603"
book,1398,Farvardin,9,"1,186"
book,1398,Farvardin,10,"1,309"
book,1398,Farvardin,11,"1,471"
book,1398,Farvardin,12,"1,175"
book,1398,Farvardin,13,"1,000"
book,1398,Farvardin,14,"1,309"
book,1398,Farvardin,15,"1,480"
book,1398,Farvardin,16,"1,795"
book,1398,Farvardin,17,"1,702"
book,1398,Farvardin,18,"1,774"
book,1398,Farvardin,19,"1,819"
book,1398,Farvardin,20,"1,709"
book,1398,Farvardin,21,"1,460"
book,1398,Farvardin,22,"1,651"
book,1398,Farvardin,23,"1,387"
book,1398,Farvardin,24,"1,698"
book,1398,Farvardin,25,"2,143"
book,1398,Farvardin,26,"1,484"
book,1398,Farvardin,27,"1,422"
book,1398,Farvardin,28,"1,245"
book,1398,Farvardin,29,"1,268"
book,1398,Farvardin,30,"1,233"
book,1398,Farvardin,31,"1,504"
book,1398,Ordibehesht,1,"1,365"
book,1398,Ordibehesht,2,"1,525"
book,1398,Ordibehesht,3,"3,514"
book,1398,Ordibehesht,4,"4,067"
book,1398,Ordibehesht,5,"3,048"
book,1398,Ordibehesht,6,"2,694"
book,1398,Ordibehesht,7,"4,192"
book,1398,Ordibehesht,8,"4,122"
book,1398,Ordibehesht,9,"3,030"
book,1398,Ordibehesht,10,"3,003"
book,1398,Ordibehesht,11,"2,701"
book,1398,Ordibehesht,12,"2,534"
book,1398,Ordibehesht,13,"2,559"
book,1398,Ordibehesht,14,"3,528"
book,1398,Ordibehesht,15,"3,433"
book,1398,Ordibehesht,16,"2,341"
book,1398,Ordibehesht,17,"2,446"
book,1398,Ordibehesht,18,"2,502"
book,1398,Ordibehesht,19,"2,502"
book,1398,Ordibehesht,20,"2,132"
book,1398,Ordibehesht,21,"2,376"
book,1398,Ordibehesht,22,"2,503"
book,1398,Ordibehesht,23,"2,243"
book,1398,Ordibehesht,24,"2,230"
book,1398,Ordibehesht,25,"2,416"
book,1398,Ordibehesht,26,"2,929"
book,1398,Ordibehesht,27,"2,442"
book,1398,Ordibehesht,28,"2,043"
book,1398,Ordibehesht,29,"1,793"
book,1398,Ordibehesht,30,"1,967"
book,1398,Ordibehesht,31,"1,855"
book,1398,Khordad,1,"2,029"
book,1398,Khordad,2,"1,875"
book,1398,Khordad,3,"2,233"
book,1398,Khordad,4,"2,065"
book,1398,Khordad,5,"2,166"
book,1398,Khordad,6,"1,781"
book,1398,Khordad,7,"1,890"
book,1398,Khordad,8,"1,614"
book,1398,Khordad,9,"1,722"
book,1398,Khordad,10,"1,747"
book,1398,Khordad,11,"1,588"
book,1398,Khordad,12,"1,653"
book,1398,Khordad,13,"1,576"
book,1398,Khordad,14,"1,063"
book,1398,Khordad,15,"1,200"
book,1398,Khordad,16,"1,057"
book,1398,Khordad,17,"1,431"
book,1398,Khordad,18,"1,425"
book,1398,Khordad,19,"1,606"
book,1398,Khordad,20,"1,337"
book,1398,Khordad,21,"1,777"
book,1398,Khordad,22,"1,385"
book,1398,Khordad,23,"1,470"
book,1398,Khordad,24,"1,386"
book,1398,Khordad,25,"2,283"
book,1398,Khordad,26,"2,303"
book,1398,Khordad,27,"2,093"
book,1398,Khordad,28,"1,593"
book,1398,Khordad,29,"1,516"
book,1398,Khordad,30,"1,274"
book,1398,Khordad,31,"1,417"
book,1398,Tir,1,"1,838"
book,1398,Tir,2,"1,838"
book,1398,Tir,3,"1,943"
book,1398,Tir,4,"1,918"
book,1398,Tir,5,"1,665"
book,1398,Tir,6,"1,890"
book,1398,Tir,7,"1,492"
book,1398,Tir,8,"1,686"
book,1398,Tir,9,"1,998"
book,1398,Tir,10,"2,104"
book,1398,Tir,11,"2,183"
book,1398,Tir,12,"1,814"
book,1398,Tir,13,"1,575"
book,1398,Tir,14,"1,721"
book,1398,Tir,15,"2,019"
book,1398,Tir,16,"2,526"
book,1398,Tir,17,"2,257"
book,1398,Tir,18,"2,353"
book,1398,Tir,19,"2,211"
book,1398,Tir,20,"1,877"
book,1398,Tir,21,"1,579"
book,1398,Tir,22,"2,911"
book,1398,Tir,23,"2,603"
book,1398,Tir,24,"2,612"
book,1398,Tir,25,"2,398"
book,1398,Tir,26,"2,806"
book,1398,Tir,27,"2,344"
book,1398,Tir,28,"2,036"
book,1398,Tir,29,"2,066"
book,1398,Tir,30,"2,198"
book,1398,Tir,31,"2,401"
book,1398,Mordad,1,"1,961"
book,1398,Mordad,2,"2,103"
book,1398,Mordad,3,"1,841"
book,1398,Mordad,4,"1,764"
book,1398,Mordad,5,"2,992"
book,1398,Mordad,6,"3,083"
book,1398,Mordad,7,"2,908"
book,1398,Mordad,8,"1,900"
book,1398,Mordad,9,"1,890"
book,1398,Mordad,10,"1,823"
book,1398,Mordad,11,"1,758"
book,1398,Mordad,12,"2,317"
book,1398,Mordad,13,"2,381"
book,1398,Mordad,14,"2,002"
book,1398,Mordad,15,"2,694"
book,1398,Mordad,16,"2,012"
book,1398,Mordad,17,"1,750"
book,1398,Mordad,18,"1,639"
book,1398,Mordad,19,"2,058"
book,1398,Mordad,20,"1,604"
book,1398,Mordad,21,"1,726"
book,1398,Mordad,22,"2,115"
book,1398,Mordad,23,"1,907"
book,1398,Mordad,24,"1,810"
book,1398,Mordad,25,"2,008"
book,1398,Mordad,26,"1,929"
book,1398,Mordad,27,"1,932"
book,1398,Mordad,28,"2,148"
book,1398,Mordad,29,"1,995"
book,1398,Mordad,30,"1,918"
book,1398,Mordad,31,"1,774"
book,1398,Shahrivar,1,"1,778"
book,1398,Shahrivar,2,"2,516"
book,1398,Shahrivar,3,"2,283"
book,1398,Shahrivar,4,"2,381"
book,1398,Shahrivar,5,"2,288"
book,1398,Shahrivar,6,"2,122"
book,1398,Shahrivar,7,"2,442"
book,1398,Shahrivar,8,"2,118"
book,1398,Shahrivar,9,"2,831"
book,1398,Shahrivar,10,"2,675"
book,1398,Shahrivar,11,"2,321"
book,1398,Shahrivar,12,"2,457"
book,1398,Shahrivar,13,"2,457"
book,1398,Shahrivar,14,"2,310"
book,1398,Shahrivar,15,"1,897"
book,1398,Shahrivar,16,"2,625"
book,1398,Shahrivar,17,"2,838"
book,1398,Shahrivar,18,"2,254"
book,1398,Shahrivar,19,"2,202"
book,1398,Shahrivar,20,"3,161"
book,1398,Shahrivar,21,"2,762"
book,1398,Shahrivar,22,"2,297"
book,1398,Shahrivar,23,"2,411"
book,1398,Shahrivar,24,"2,496"
book,1398,Shahrivar,25,"2,897"
book,1398,Shahrivar,26,"3,010"
book,1398,Shahrivar,27,"2,702"
book,1398,Shahrivar,28,"2,079"
book,1398,Shahrivar,29,"2,187"
book,1398,Shahrivar,30,"2,897"
book,1398,Shahrivar,31,"2,930"
book,1398,Mehr,1,"2,439"
book,1398,Mehr,2,"2,589"
book,1398,Mehr,3,"2,419"
book,1398,Mehr,4,"2,586"
book,1398,Mehr,5,"2,559"
book,1398,Mehr,6,"3,171"
book,1398,Mehr,7,"2,710"
book,1398,Mehr,8,"2,792"
book,1398,Mehr,9,"2,850"
book,1398,Mehr,10,"2,267"
book,1398,Mehr,11,"2,877"
book,1398,Mehr,12,"2,323"
book,1398,Mehr,13,"2,492"
book,1398,Mehr,14,"2,782"
book,1398,Mehr,15,"2,587"
book,1398,Mehr,16,"2,390"
book,1398,Mehr,17,"2,404"
book,1398,Mehr,18,"2,372"
book,1398,Mehr,19,"2,622"
book,1398,Mehr,20,"2,314"
book,1398,Mehr,21,"2,198"
book,1398,Mehr,22,"2,584"
book,1398,Mehr,23,"2,594"
book,1398,Mehr,24,"2,524"
book,1398,Mehr,25,"2,043"
book,1398,Mehr,26,"2,215"
book,1398,Mehr,27,"2,456"
book,1398,Mehr,28,"3,203"
book,1398,Mehr,29,"3,305"
book,1398,Mehr,30,"3,024"
book,1398,Aaban,1,"3,314"
book,1398,Aaban,2,"2,269"
book,1398,Aaban,3,"2,580"
book,1398,Aaban,4,"2,652"
book,1398,Aaban,5,"2,790"
book,1398,Aaban,6,"3,080"
book,1398,Aaban,7,"2,425"
book,1398,Aaban,8,"2,678"
book,1398,Aaban,9,"2,335"
book,1398,Aaban,10,"2,185"
book,1398,Aaban,11,"2,689"
book,1398,Aaban,12,"2,339"
book,1398,Aaban,13,"2,187"
book,1398,Aaban,14,"2,411"
book,1398,Aaban,15,"2,747"
book,1398,Aaban,16,"2,169"
book,1398,Aaban,17,"2,292"
book,1398,Aaban,18,"3,774"
book,1398,Aaban,19,"3,858"
book,1398,Aaban,20,"3,391"
book,1398,Aaban,21,"3,170"
book,1398,Aaban,22,"3,137"
book,1398,Aaban,23,"3,048"
book,1398,Aaban,24,"2,871"
book,1398,Aaban,25,"1,847"
book,1398,Aaban,26,"1,819"
book,1398,Aaban,27,"2,864"
book,1398,Aaban,28,"3,529"
book,1398,Aaban,29,"4,024"
book,1398,Aaban,30,"4,444"
book,1398,Aazar,1,"4,404"
book,1398,Aazar,2,"4,729"
book,1398,Aazar,3,"4,305"
book,1398,Aazar,4,"4,024"
book,1398,Aazar,5,"3,846"
book,1398,Aazar,6,"3,767"
book,1398,Aazar,7,"2,934"
book,1398,Aazar,8,"11,388"
book,1398,Aazar,9,"5,891"
book,1398,Aazar,10,"3,692"
book,1398,Aazar,11,"2,975"
book,1398,Aazar,12,"3,321"
book,1398,Aazar,13,"3,220"
book,1398,Aazar,14,"3,051"
book,1398,Aazar,15,"3,122"
book,1398,Aazar,16,"3,261"
book,1398,Aazar,17,"2,895"
book,1398,Aazar,18,"2,934"
book,1398,Aazar,19,"2,738"
book,1398,Aazar,20,"3,108"
book,1398,Aazar,21,"2,451"
book,1398,Aazar,22,"2,985"
book,1398,Aazar,23,"3,272"
book,1398,Aazar,24,"3,356"
book,1398,Aazar,25,"2,897"
book,1398,Aazar,26,"2,846"
book,1398,Aazar,27,"2,689"
book,1398,Aazar,28,"2,181"
book,1398,Aazar,29,"9,288"
book,1398,Aazar,30,"8,210"
book,1398,Dey,1,"2,916"
book,1398,Dey,2,"2,901"
book,1398,Dey,3,"2,941"
book,1398,Dey,4,"2,345"
book,1398,Dey,5,"2,531"
book,1398,Dey,6,"2,282"
book,1398,Dey,7,"2,675"
book,1398,Dey,8,"3,639"
book,1398,Dey,9,"3,237"
book,1398,Dey,10,"3,543"
book,1398,Dey,11,"2,803"
book,1398,Dey,12,"2,930"
book,1398,Dey,13,"2,173"
book,1398,Dey,14,"2,603"
book,1398,Dey,15,"3,231"
book,1398,Dey,16,"3,102"
book,1398,Dey,17,"3,562"
book,1398,Dey,18,"2,559"
book,1398,Dey,19,"2,828"
book,1398,Dey,20,"3,248"
book,1398,Dey,21,"3,350"
book,1398,Dey,22,"3,410"
book,1398,Dey,23,"3,522"
book,1398,Dey,24,"3,473"
book,1398,Dey,25,"3,203"
book,1398,Dey,26,"2,832"
book,1398,Dey,27,"3,042"
book,1398,Dey,28,"3,447"
book,1398,Dey,29,"3,885"
book,1398,Dey,30,"4,577"
book,1398,Bahman,1,"3,891"
book,1398,Bahman,2,"3,441"
book,1398,Bahman,3,"3,326"
book,1398,Bahman,4,"3,178"
book,1398,Bahman,5,"4,712"
book,1398,Bahman,6,"5,011"
book,1398,Bahman,7,"3,508"
book,1398,Bahman,8,"3,062"
book,1398,Bahman,9,"3,427"
book,1398,Bahman,10,"3,611"
book,1398,Bahman,11,"3,220"
book,1398,Bahman,12,"4,605"
book,1398,Bahman,13,"3,767"
book,1398,Bahman,14,"4,284"
book,1398,Bahman,15,"3,702"
book,1398,Bahman,16,"3,734"
book,1398,Bahman,17,"3,447"
book,1398,Bahman,18,"3,279"
book,1398,Bahman,19,"4,155"
book,1398,Bahman,20,"4,581"
book,1398,Bahman,21,"4,395"
book,1398,Bahman,22,"4,486"
book,1398,Bahman,23,"3,590"
book,1398,Bahman,24,"4,074"
book,1398,Bahman,25,"3,472"
book,1398,Bahman,26,"4,231"
book,1398,Bahman,27,"3,399"
book,1398,Bahman,28,"3,634"
book,1398,Bahman,29,"3,486"
book,1398,Bahman,30,"4,299"
book,1398,Esfand,1,"3,476"
book,1398,Esfand,2,"3,074"
book,1398,Esfand,3,"3,994"
book,1398,Esfand,4,"3,807"
book,1398,Esfand,5,"3,968"
book,1398,Esfand,6,"4,887"
book,1398,Esfand,7,"4,670"
book,1398,Esfand,8,"4,259"
book,1398,Esfand,9,"4,879"
book,1398,Esfand,10,"5,929"
book,1398,Esfand,11,"6,815"
book,1398,Esfand,12,"6,103"
book,1398,Esfand,13,"6,899"
book,1398,Esfand,14,"7,307"
book,1398,Esfand,15,"7,155"
book,1398,Esfand,16,"7,316"
book,1398,Esfand,17,"7,346"
book,1398,Esfand,18,"7,081"
book,1398,Esfand,19,"7,977"
book,1398,Esfand,20,"8,089"
book,1398,Esfand,21,"6,982"
book,1398,Esfand,22,"5,110"
book,1398,Esfand,23,"3,381"
book,1398,Esfand,24,"4,050"
book,1398,Esfand,25,"3,226"
book,1398,Esfand,26,"4,117"
book,1398,Esfand,27,"2,408"
book,1398,Esfand,28,"2,257"
book,1398,Esfand,29,"2,353"
stationary,1395,Farvardin,2,447
stationary,1395,Farvardin,3,658
stationary,1395,Farvardin,4,746
stationary,1395,Farvardin,5,612
stationary,1395,Farvardin,6,697
stationary,1395,Farvardin,7,990
stationary,1395,Farvardin,8,797
stationary,1395,Farvardin,9,606
stationary,1395,Farvardin,10,763
stationary,1395,Farvardin,11,560
stationary,1395,Farvardin,12,328
stationary,1395,Farvardin,13,363
stationary,1395,Farvardin,14,624
stationary,1395,Farvardin,15,521
stationary,1395,Farvardin,16,581
stationary,1395,Farvardin,17,622
stationary,1395,Farvardin,18,644
stationary,1395,Farvardin,19,447
stationary,1395,Farvardin,20,421
stationary,1395,Farvardin,21,"1,042"
stationary,1395,Farvardin,22,753
stationary,1395,Farvardin,23,"1,060"
stationary,1395,Farvardin,24,724
stationary,1395,Farvardin,25,"1,085"
stationary,1395,Farvardin,26,958
stationary,1395,Farvardin,27,732
stationary,1395,Farvardin,28,"1,145"
stationary,1395,Farvardin,29,959
stationary,1395,Farvardin,30,823
stationary,1395,Farvardin,31,"1,273"
stationary,1395,Ordibehesht,1,844
stationary,1395,Ordibehesht,2,762
stationary,1395,Ordibehesht,3,"1,730"
stationary,1395,Ordibehesht,4,707
stationary,1395,Ordibehesht,5,"1,243"
stationary,1395,Ordibehesht,6,680
stationary,1395,Ordibehesht,7,972
stationary,1395,Ordibehesht,8,862
stationary,1395,Ordibehesht,9,862
stationary,1395,Ordibehesht,10,701
stationary,1395,Ordibehesht,11,"1,128"
stationary,1395,Ordibehesht,12,"1,042"
stationary,1395,Ordibehesht,13,"1,221"
stationary,1395,Ordibehesht,14,"1,179"
stationary,1395,Ordibehesht,15,827
stationary,1395,Ordibehesht,16,792
stationary,1395,Ordibehesht,17,764
stationary,1395,Ordibehesht,18,"1,001"
stationary,1395,Ordibehesht,19,"1,336"
stationary,1395,Ordibehesht,20,"1,362"
stationary,1395,Ordibehesht,21,"1,056"
stationary,1395,Ordibehesht,22,"2,309"
stationary,1395,Ordibehesht,23,680
stationary,1395,Ordibehesht,24,721
stationary,1395,Ordibehesht,25,823
stationary,1395,Ordibehesht,26,764
stationary,1395,Ordibehesht,27,711
stationary,1395,Ordibehesht,28,"1,116"
stationary,1395,Ordibehesht,29,"1,208"
stationary,1395,Ordibehesht,30,843
stationary,1395,Ordibehesht,31,785
stationary,1395,Khordad,1,805
stationary,1395,Khordad,2,629
stationary,1395,Khordad,3,"1,147"
stationary,1395,Khordad,4,"1,095"
stationary,1395,Khordad,5,837
stationary,1395,Khordad,6,913
stationary,1395,Khordad,7,"1,497"
stationary,1395,Khordad,8,535
stationary,1395,Khordad,9,630
stationary,1395,Khordad,10,671
stationary,1395,Khordad,11,823
stationary,1395,Khordad,12,829
stationary,1395,Khordad,13,893
stationary,1395,Khordad,14,"1,334"
stationary,1395,Khordad,15,"1,746"
stationary,1395,Khordad,16,"1,109"
stationary,1395,Khordad,17,"1,077"
stationary,1395,Khordad,18,"1,201"
stationary,1395,Khordad,19,"1,124"
stationary,1395,Khordad,20,"1,152"
stationary,1395,Khordad,21,"1,177"
stationary,1395,Khordad,22,987
stationary,1395,Khordad,23,"1,231"
stationary,1395,Khordad,24,"1,635"
stationary,1395,Khordad,25,"1,152"
stationary,1395,Khordad,26,"1,289"
stationary,1395,Khordad,27,987
stationary,1395,Khordad,28,"1,079"
stationary,1395,Khordad,29,"1,205"
stationary,1395,Khordad,30,911
stationary,1395,Khordad,31,"1,291"
stationary,1395,Tir,1,"1,004"
stationary,1395,Tir,2,"1,589"
stationary,1395,Tir,3,"1,183"
stationary,1395,Tir,4,"1,063"
stationary,1395,Tir,5,"1,522"
stationary,1395,Tir,6,"1,672"
stationary,1395,Tir,7,"1,054"
stationary,1395,Tir,8,"1,509"
stationary,1395,Tir,9,"1,425"
stationary,1395,Tir,10,"1,133"
stationary,1395,Tir,11,610
stationary,1395,Tir,12,"2,946"
stationary,1395,Tir,13,"2,192"
stationary,1395,Tir,14,"1,977"
stationary,1395,Tir,15,"1,281"
stationary,1395,Tir,16,"1,226"
stationary,1395,Tir,17,962
stationary,1395,Tir,18,"1,123"
stationary,1395,Tir,19,"1,229"
stationary,1395,Tir,20,"1,491"
stationary,1395,Tir,21,"1,484"
stationary,1395,Tir,22,"1,365"
stationary,1395,Tir,23,"1,835"
stationary,1395,Tir,24,920
stationary,1395,Tir,25,752
stationary,1395,Tir,26,"1,694"
stationary,1395,Tir,27,"1,212"
stationary,1395,Tir,28,"1,477"
stationary,1395,Tir,29,"5,186"
stationary,1395,Tir,30,"1,711"
stationary,1395,Tir,31,"1,011"
stationary,1395,Mordad,1,962
stationary,1395,Mordad,2,"1,513"
stationary,1395,Mordad,3,"1,208"
stationary,1395,Mordad,4,"1,499"
stationary,1395,Mordad,5,"1,429"
stationary,1395,Mordad,6,"1,037"
stationary,1395,Mordad,7,"4,439"
stationary,1395,Mordad,8,878
stationary,1395,Mordad,9,"1,565"
stationary,1395,Mordad,10,"1,194"
stationary,1395,Mordad,11,"1,712"
stationary,1395,Mordad,12,"1,532"
stationary,1395,Mordad,13,"1,163"
stationary,1395,Mordad,14,"1,662"
stationary,1395,Mordad,15,"1,015"
stationary,1395,Mordad,16,"1,301"
stationary,1395,Mordad,17,"1,379"
stationary,1395,Mordad,18,"4,078"
stationary,1395,Mordad,19,"4,878"
stationary,1395,Mordad,20,"1,452"
stationary,1395,Mordad,21,"1,480"
stationary,1395,Mordad,22,"1,120"
stationary,1395,Mordad,23,"1,506"
stationary,1395,Mordad,24,"1,915"
stationary,1395,Mordad,25,"2,229"
stationary,1395,Mordad,26,"2,206"
stationary,1395,Mordad,27,"1,784"
stationary,1395,Mordad,28,"2,001"
stationary,1395,Mordad,29,"1,523"
stationary,1395,Mordad,30,"2,138"
stationary,1395,Mordad,31,"4,857"
stationary,1395,Shahrivar,1,"6,391"
stationary,1395,Shahrivar,2,"8,371"
stationary,1395,Shahrivar,3,"8,085"
stationary,1395,Shahrivar,4,"5,716"
stationary,1395,Shahrivar,5,"5,123"
stationary,1395,Shahrivar,6,"6,135"
stationary,1395,Shahrivar,7,"8,120"
stationary,1395,Shahrivar,8,"7,367"
stationary,1395,Shahrivar,9,"8,760"
stationary,1395,Shahrivar,10,"8,393"
stationary,1395,Shahrivar,11,"7,293"
stationary,1395,Shahrivar,12,"6,259"
stationary,1395,Shahrivar,13,"8,520"
stationary,1395,Shahrivar,14,"10,527"
stationary,1395,Shahrivar,15,"10,707"
stationary,1395,Shahrivar,16,"9,596"
stationary,1395,Shahrivar,17,"13,391"
stationary,1395,Shahrivar,18,"12,740"
stationary,1395,Shahrivar,19,"8,718"
stationary,1395,Shahrivar,20,"10,023"
stationary,1395,Shahrivar,21,"7,941"
stationary,1395,Shahrivar,22,"7,535"
stationary,1395,Shahrivar,23,"8,883"
stationary,1395,Shahrivar,24,"8,663"
stationary,1395,Shahrivar,25,"7,519"
stationary,1395,Shahrivar,26,"6,864"
stationary,1395,Shahrivar,27,"10,730"
stationary,1395,Shahrivar,28,"14,979"
stationary,1395,Shahrivar,29,"13,605"
stationary,1395,Shahrivar,30,"8,310"
stationary,1395,Shahrivar,31,"10,667"
stationary,1395,Mehr,1,"7,797"
stationary,1395,Mehr,2,"5,879"
stationary,1395,Mehr,3,"4,472"
stationary,1395,Mehr,4,"4,938"
stationary,1395,Mehr,5,"16,587"
stationary,1395,Mehr,6,"4,575"
stationary,1395,Mehr,7,"2,841"
stationary,1395,Mehr,8,"3,321"
stationary,1395,Mehr,9,"3,571"
stationary,1395,Mehr,10,"3,857"
stationary,1395,Mehr,11,"3,417"
stationary,1395,Mehr,12,"7,897"
stationary,1395,Mehr,13,"2,856"
stationary,1395,Mehr,14,"3,588"
stationary,1395,Mehr,15,"2,450"
stationary,1395,Mehr,16,"2,983"
stationary,1395,Mehr,17,"2,996"
stationary,1395,Mehr,18,"3,374"
stationary,1395,Mehr,19,"1,775"
stationary,1395,Mehr,20,"1,275"
stationary,1395,Mehr,21,"1,485"
stationary,1395,Mehr,22,"2,219"
stationary,1395,Mehr,23,"2,597"
stationary,1395,Mehr,24,"2,386"
stationary,1395,Mehr,25,"2,016"
stationary,1395,Mehr,26,"3,188"
stationary,1395,Mehr,27,"2,099"
stationary,1395,Mehr,28,"2,685"
stationary,1395,Mehr,29,"2,253"
stationary,1395,Mehr,30,"2,027"
stationary,1395,Aaban,1,"2,282"
stationary,1395,Aaban,2,"1,856"
stationary,1395,Aaban,3,"2,836"
stationary,1395,Aaban,4,"1,901"
stationary,1395,Aaban,5,"2,022"
stationary,1395,Aaban,6,"3,097"
stationary,1395,Aaban,7,"1,936"
stationary,1395,Aaban,8,"2,603"
stationary,1395,Aaban,9,"1,585"
stationary,1395,Aaban,10,"1,816"
stationary,1395,Aaban,11,"2,356"
stationary,1395,Aaban,12,"1,719"
stationary,1395,Aaban,13,"1,448"
stationary,1395,Aaban,14,"1,645"
stationary,1395,Aaban,15,"1,673"
stationary,1395,Aaban,16,"4,665"
stationary,1395,Aaban,17,"2,230"
stationary,1395,Aaban,18,"3,073"
stationary,1395,Aaban,19,"2,661"
stationary,1395,Aaban,20,"1,397"
stationary,1395,Aaban,21,"1,747"
stationary,1395,Aaban,22,"1,896"
stationary,1395,Aaban,23,"1,917"
stationary,1395,Aaban,24,"1,851"
stationary,1395,Aaban,25,"2,509"
stationary,1395,Aaban,26,"2,191"
stationary,1395,Aaban,27,"1,639"
stationary,1395,Aaban,28,"2,694"
stationary,1395,Aaban,29,"1,397"
stationary,1395,Aaban,30,"1,411"
stationary,1395,Aazar,1,"2,531"
stationary,1395,Aazar,2,"4,768"
stationary,1395,Aazar,3,"5,330"
stationary,1395,Aazar,4,"3,193"
stationary,1395,Aazar,5,"2,232"
stationary,1395,Aazar,6,"3,527"
stationary,1395,Aazar,7,"1,964"
stationary,1395,Aazar,8,"2,058"
stationary,1395,Aazar,9,"1,663"
stationary,1395,Aazar,10,"1,810"
stationary,1395,Aazar,11,"1,546"
stationary,1395,Aazar,12,"1,929"
stationary,1395,Aazar,13,"1,778"
stationary,1395,Aazar,14,"4,154"
stationary,1395,Aazar,15,"1,646"
stationary,1395,Aazar,16,"3,496"
stationary,1395,Aazar,17,"1,518"
stationary,1395,Aazar,18,"1,452"
stationary,1395,Aazar,19,"1,403"
stationary,1395,Aazar,20,"2,787"
stationary,1395,Aazar,21,"1,938"
stationary,1395,Aazar,22,"2,366"
stationary,1395,Aazar,23,"1,404"
stationary,1395,Aazar,24,"2,869"
stationary,1395,Aazar,25,"1,315"
stationary,1395,Aazar,26,"1,368"
stationary,1395,Aazar,27,"1,397"
stationary,1395,Aazar,28,"1,259"
stationary,1395,Aazar,29,"10,807"
stationary,1395,Aazar,30,"6,418"
stationary,1395,Dey,1,"8,785"
stationary,1395,Dey,2,"2,282"
stationary,1395,Dey,3,"1,796"
stationary,1395,Dey,4,"2,344"
stationary,1395,Dey,5,"1,893"
stationary,1395,Dey,6,"2,346"
stationary,1395,Dey,7,"7,536"
stationary,1395,Dey,8,"2,554"
stationary,1395,Dey,9,"3,210"
stationary,1395,Dey,10,"2,327"
stationary,1395,Dey,11,"5,866"
stationary,1395,Dey,12,"3,389"
stationary,1395,Dey,13,"2,493"
stationary,1395,Dey,14,"2,254"
stationary,1395,Dey,15,"2,086"
stationary,1395,Dey,16,"1,424"
stationary,1395,Dey,17,"3,216"
stationary,1395,Dey,18,"1,826"
stationary,1395,Dey,19,"1,551"
stationary,1395,Dey,20,"1,702"
stationary,1395,Dey,21,"1,985"
stationary,1395,Dey,22,"1,491"
stationary,1395,Dey,23,"2,461"
stationary,1395,Dey,24,"1,842"
stationary,1395,Dey,25,"1,705"
stationary,1395,Dey,26,"4,199"
stationary,1395,Dey,27,"1,854"
stationary,1395,Dey,28,"1,861"
stationary,1395,Dey,29,"2,093"
stationary,1395,Dey,30,"1,579"
stationary,1395,Bahman,1,"1,655"
stationary,1395,Bahman,2,"1,183"
stationary,1395,Bahman,3,"2,206"
stationary,1395,Bahman,4,"1,950"
stationary,1395,Bahman,5,"1,827"
stationary,1395,Bahman,6,"1,826"
stationary,1395,Bahman,7,"1,301"
stationary,1395,Bahman,8,"1,679"
stationary,1395,Bahman,9,"2,628"
stationary,1395,Bahman,10,"3,342"
stationary,1395,Bahman,11,"2,127"
stationary,1395,Bahman,12,"5,046"
stationary,1395,Bahman,13,"2,484"
stationary,1395,Bahman,14,"2,351"
stationary,1395,Bahman,15,"1,379"
stationary,1395,Bahman,16,"2,351"
stationary,1395,Bahman,17,"4,791"
stationary,1395,Bahman,18,"2,845"
stationary,1395,Bahman,19,"3,417"
stationary,1395,Bahman,20,"2,703"
stationary,1395,Bahman,21,"4,435"
stationary,1395,Bahman,22,"2,040"
stationary,1395,Bahman,23,"4,473"
stationary,1395,Bahman,24,"2,065"
stationary,1395,Bahman,25,"3,667"
stationary,1395,Bahman,26,"2,019"
stationary,1395,Bahman,27,"2,429"
stationary,1395,Bahman,28,"1,567"
stationary,1395,Bahman,29,"2,075"
stationary,1395,Bahman,30,"3,872"
stationary,1395,Esfand,1,"1,996"
stationary,1395,Esfand,2,"2,206"
stationary,1395,Esfand,3,"5,180"
stationary,1395,Esfand,4,"2,751"
stationary,1395,Esfand,5,"2,318"
stationary,1395,Esfand,6,"1,436"
stationary,1395,Esfand,7,"2,446"
stationary,1395,Esfand,8,"2,038"
stationary,1395,Esfand,9,"2,229"
stationary,1395,Esfand,10,"3,877"
stationary,1395,Esfand,11,"3,688"
stationary,1395,Esfand,12,"2,306"
stationary,1395,Esfand,13,"2,068"
stationary,1395,Esfand,14,"4,228"
stationary,1395,Esfand,15,"4,879"
stationary,1395,Esfand,16,"4,206"
stationary,1395,Esfand,17,"4,360"
stationary,1395,Esfand,18,"3,312"
stationary,1395,Esfand,19,"2,820"
stationary,1395,Esfand,20,"2,240"
stationary,1395,Esfand,21,"4,256"
stationary,1395,Esfand,22,"4,088"
stationary,1395,Esfand,23,"2,576"
stationary,1395,Esfand,24,"1,996"
stationary,1395,Esfand,25,"1,410"
stationary,1395,Esfand,26,728
stationary,1395,Esfand,27,848
stationary,1395,Esfand,28,840
stationary,1395,Esfand,29,612
stationary,1395,Esfand,30,461
stationary,1396,Farvardin,1,368
stationary,1396,Farvardin,2,693
stationary,1396,Farvardin,3,626
stationary,1396,Farvardin,4,897
stationary,1396,Farvardin,5,"1,095"
stationary,1396,Farvardin,6,"1,177"
stationary,1396,Farvardin,7,"1,053"
stationary,1396,Farvardin,8,951
stationary,1396,Farvardin,9,788
stationary,1396,Farvardin,10,564
stationary,1396,Farvardin,11,752
stationary,1396,Farvardin,12,795
stationary,1396,Farvardin,13,673
stationary,1396,Farvardin,14,"2,465"
stationary,1396,Farvardin,15,"1,483"
stationary,1396,Farvardin,16,"1,345"
stationary,1396,Farvardin,17,"1,215"
stationary,1396,Farvardin,18,"1,140"
stationary,1396,Farvardin,19,"2,075"
stationary,1396,Farvardin,20,"2,618"
stationary,1396,Farvardin,21,"1,218"
stationary,1396,Farvardin,22,"1,165"
stationary,1396,Farvardin,23,"1,345"
stationary,1396,Farvardin,24,896
stationary,1396,Farvardin,25,987
stationary,1396,Farvardin,26,"1,156"
stationary,1396,Farvardin,27,"1,266"
stationary,1396,Farvardin,28,"2,376"
stationary,1396,Farvardin,29,"1,637"
stationary,1396,Farvardin,30,"1,158"
stationary,1396,Farvardin,31,"1,200"
stationary,1396,Ordibehesht,1,"1,106"
stationary,1396,Ordibehesht,2,"1,522"
stationary,1396,Ordibehesht,3,"2,316"
stationary,1396,Ordibehesht,4,"2,108"
stationary,1396,Ordibehesht,5,"1,098"
stationary,1396,Ordibehesht,6,"1,670"
stationary,1396,Ordibehesht,7,"1,204"
stationary,1396,Ordibehesht,8,"1,371"
stationary,1396,Ordibehesht,9,"1,296"
stationary,1396,Ordibehesht,10,"1,698"
stationary,1396,Ordibehesht,11,"1,607"
stationary,1396,Ordibehesht,12,"1,261"
stationary,1396,Ordibehesht,13,"1,540"
stationary,1396,Ordibehesht,14,"1,228"
stationary,1396,Ordibehesht,15,854
stationary,1396,Ordibehesht,16,"1,477"
stationary,1396,Ordibehesht,17,"1,617"
stationary,1396,Ordibehesht,18,"1,436"
stationary,1396,Ordibehesht,19,"1,242"
stationary,1396,Ordibehesht,20,"1,238"
stationary,1396,Ordibehesht,21,986
stationary,1396,Ordibehesht,22,701
stationary,1396,Ordibehesht,23,"1,078"
stationary,1396,Ordibehesht,24,"1,617"
stationary,1396,Ordibehesht,25,"1,674"
stationary,1396,Ordibehesht,26,"1,429"
stationary,1396,Ordibehesht,27,"1,578"
stationary,1396,Ordibehesht,28,"2,192"
stationary,1396,Ordibehesht,29,"1,011"
stationary,1396,Ordibehesht,30,"1,064"
stationary,1396,Ordibehesht,31,"1,443"
stationary,1396,Khordad,1,"1,212"
stationary,1396,Khordad,2,976
stationary,1396,Khordad,3,"1,294"
stationary,1396,Khordad,4,"1,380"
stationary,1396,Khordad,5,979
stationary,1396,Khordad,6,"1,495"
stationary,1396,Khordad,7,"1,114"
stationary,1396,Khordad,8,"1,172"
stationary,1396,Khordad,9,"1,406"
stationary,1396,Khordad,10,"1,373"
stationary,1396,Khordad,11,"1,151"
stationary,1396,Khordad,12,"1,089"
stationary,1396,Khordad,13,784
stationary,1396,Khordad,14,602
stationary,1396,Khordad,15,777
stationary,1396,Khordad,16,"1,030"
stationary,1396,Khordad,17,931
stationary,1396,Khordad,18,"1,145"
stationary,1396,Khordad,19,955
stationary,1396,Khordad,20,790
stationary,1396,Khordad,21,"1,170"
stationary,1396,Khordad,22,983
stationary,1396,Khordad,23,"1,050"
stationary,1396,Khordad,24,"1,112"
stationary,1396,Khordad,25,963
stationary,1396,Khordad,26,"1,127"
stationary,1396,Khordad,27,"1,107"
stationary,1396,Khordad,28,"1,299"
stationary,1396,Khordad,29,"1,274"
stationary,1396,Khordad,30,"1,268"
stationary,1396,Khordad,31,"1,749"
stationary,1396,Tir,1,969
stationary,1396,Tir,2,"1,228"
stationary,1396,Tir,3,"1,156"
stationary,1396,Tir,4,"1,004"
stationary,1396,Tir,5,903
stationary,1396,Tir,6,931
stationary,1396,Tir,7,"1,011"
stationary,1396,Tir,8,"1,021"
stationary,1396,Tir,9,746
stationary,1396,Tir,10,"1,351"
stationary,1396,Tir,11,"1,499"
stationary,1396,Tir,12,"1,267"
stationary,1396,Tir,13,"1,158"
stationary,1396,Tir,14,"1,942"
stationary,1396,Tir,15,794
stationary,1396,Tir,16,847
stationary,1396,Tir,17,"1,123"
stationary,1396,Tir,18,"1,652"
stationary,1396,Tir,19,"1,498"
stationary,1396,Tir,20,"1,170"
stationary,1396,Tir,21,"1,207"
stationary,1396,Tir,22,883
stationary,1396,Tir,23,757
stationary,1396,Tir,24,"1,607"
stationary,1396,Tir,25,"2,360"
stationary,1396,Tir,26,"2,461"
stationary,1396,Tir,27,"1,229"
stationary,1396,Tir,28,"1,364"
stationary,1396,Tir,29,"1,357"
stationary,1396,Tir,30,"2,285"
stationary,1396,Tir,31,"1,676"
stationary,1396,Mordad,1,"1,903"
stationary,1396,Mordad,2,"1,725"
stationary,1396,Mordad,3,"2,001"
stationary,1396,Mordad,4,"1,733"
stationary,1396,Mordad,5,"1,303"
stationary,1396,Mordad,6,"1,233"
stationary,1396,Mordad,7,"2,433"
stationary,1396,Mordad,8,"1,999"
stationary,1396,Mordad,9,"2,041"
stationary,1396,Mordad,10,"1,788"
stationary,1396,Mordad,11,"1,758"
stationary,1396,Mordad,12,"1,379"
stationary,1396,Mordad,13,"1,375"
stationary,1396,Mordad,14,"1,719"
stationary,1396,Mordad,15,"1,799"
stationary,1396,Mordad,16,"1,826"
stationary,1396,Mordad,17,"2,020"
stationary,1396,Mordad,18,"1,547"
stationary,1396,Mordad,19,"2,611"
stationary,1396,Mordad,20,"1,709"
stationary,1396,Mordad,21,"2,260"
stationary,1396,Mordad,22,"2,272"
stationary,1396,Mordad,23,"2,377"
stationary,1396,Mordad,24,"2,668"
stationary,1396,Mordad,25,"3,538"
stationary,1396,Mordad,26,"1,975"
stationary,1396,Mordad,27,"2,180"
stationary,1396,Mordad,28,"3,801"
stationary,1396,Mordad,29,"2,570"
stationary,1396,Mordad,30,"2,870"
stationary,1396,Mordad,31,"4,064"
stationary,1396,Shahrivar,1,"3,987"
stationary,1396,Shahrivar,2,"5,244"
stationary,1396,Shahrivar,3,"4,969"
stationary,1396,Shahrivar,4,"6,349"
stationary,1396,Shahrivar,5,"6,905"
stationary,1396,Shahrivar,6,"8,698"
stationary,1396,Shahrivar,7,"8,914"
stationary,1396,Shahrivar,8,"6,937"
stationary,1396,Shahrivar,9,"7,315"
stationary,1396,Shahrivar,10,"8,035"
stationary,1396,Shahrivar,11,"15,028"
stationary,1396,Shahrivar,12,"14,689"
stationary,1396,Shahrivar,13,"17,182"
stationary,1396,Shahrivar,14,"15,197"
stationary,1396,Shahrivar,15,"13,243"
stationary,1396,Shahrivar,16,"27,894"
stationary,1396,Shahrivar,17,"10,585"
stationary,1396,Shahrivar,18,"29,229"
stationary,1396,Shahrivar,19,"12,522"
stationary,1396,Shahrivar,20,"15,266"
stationary,1396,Shahrivar,21,"29,007"
stationary,1396,Shahrivar,22,"14,375"
stationary,1396,Shahrivar,23,"12,949"
stationary,1396,Shahrivar,24,"11,402"
stationary,1396,Shahrivar,25,"30,205"
stationary,1396,Shahrivar,26,"38,273"
stationary,1396,Shahrivar,27,"22,896"
stationary,1396,Shahrivar,28,"30,758"
stationary,1396,Shahrivar,29,"17,598"
stationary,1396,Shahrivar,30,"12,429"
stationary,1396,Shahrivar,31,"14,308"
stationary,1396,Mehr,1,"20,829"
stationary,1396,Mehr,2,"16,906"
stationary,1396,Mehr,3,"7,844"
stationary,1396,Mehr,4,"7,252"
stationary,1396,Mehr,5,"5,085"
stationary,1396,Mehr,6,"4,386"
stationary,1396,Mehr,7,"2,463"
stationary,1396,Mehr,8,"3,115"
stationary,1396,Mehr,9,"2,768"
stationary,1396,Mehr,10,"3,520"
stationary,1396,Mehr,11,"3,301"
stationary,1396,Mehr,12,"2,527"
stationary,1396,Mehr,13,"2,794"
stationary,1396,Mehr,14,"2,318"
stationary,1396,Mehr,15,"2,692"
stationary,1396,Mehr,16,"3,611"
stationary,1396,Mehr,17,"3,466"
stationary,1396,Mehr,18,"11,011"
stationary,1396,Mehr,19,"2,863"
stationary,1396,Mehr,20,"2,257"
stationary,1396,Mehr,21,"2,650"
stationary,1396,Mehr,22,"3,342"
stationary,1396,Mehr,23,"3,226"
stationary,1396,Mehr,24,"2,327"
stationary,1396,Mehr,25,"2,607"
stationary,1396,Mehr,26,"2,663"
stationary,1396,Mehr,27,"3,149"
stationary,1396,Mehr,28,"1,663"
stationary,1396,Mehr,29,"2,048"
stationary,1396,Mehr,30,"2,657"
stationary,1396,Aaban,1,"2,997"
stationary,1396,Aaban,2,"2,660"
stationary,1396,Aaban,3,"3,364"
stationary,1396,Aaban,4,"2,160"
stationary,1396,Aaban,5,"2,134"
stationary,1396,Aaban,6,"2,668"
stationary,1396,Aaban,7,"2,652"
stationary,1396,Aaban,8,"11,354"
stationary,1396,Aaban,9,"2,114"
stationary,1396,Aaban,10,"2,713"
stationary,1396,Aaban,11,"1,617"
stationary,1396,Aaban,12,"1,919"
stationary,1396,Aaban,13,"2,786"
stationary,1396,Aaban,14,"2,258"
stationary,1396,Aaban,15,"1,817"
stationary,1396,Aaban,16,"1,996"
stationary,1396,Aaban,17,"2,377"
stationary,1396,Aaban,18,"1,876"
stationary,1396,Aaban,19,"1,970"
stationary,1396,Aaban,20,"2,313"
stationary,1396,Aaban,21,"2,300"
stationary,1396,Aaban,22,"2,267"
stationary,1396,Aaban,23,"1,733"
stationary,1396,Aaban,24,"9,556"
stationary,1396,Aaban,25,"1,614"
stationary,1396,Aaban,26,"5,244"
stationary,1396,Aaban,27,"3,156"
stationary,1396,Aaban,28,"2,055"
stationary,1396,Aaban,29,"2,061"
stationary,1396,Aaban,30,"2,236"
stationary,1396,Aazar,1,"2,211"
stationary,1396,Aazar,2,"1,882"
stationary,1396,Aazar,3,"7,812"
stationary,1396,Aazar,4,"4,834"
stationary,1396,Aazar,5,"1,602"
stationary,1396,Aazar,6,"1,537"
stationary,1396,Aazar,7,"2,215"
stationary,1396,Aazar,8,"1,819"
stationary,1396,Aazar,9,"1,523"
stationary,1396,Aazar,10,"1,288"
stationary,1396,Aazar,11,"2,009"
stationary,1396,Aazar,12,"1,709"
stationary,1396,Aazar,13,"1,575"
stationary,1396,Aazar,14,"1,743"
stationary,1396,Aazar,15,"1,252"
stationary,1396,Aazar,16,"1,417"
stationary,1396,Aazar,17,"1,480"
stationary,1396,Aazar,18,"1,947"
stationary,1396,Aazar,19,"2,045"
stationary,1396,Aazar,20,"2,153"
stationary,1396,Aazar,21,"1,894"
stationary,1396,Aazar,22,"1,827"
stationary,1396,Aazar,23,"1,320"
stationary,1396,Aazar,24,"1,376"
stationary,1396,Aazar,25,"1,995"
stationary,1396,Aazar,26,"1,707"
stationary,1396,Aazar,27,"2,002"
stationary,1396,Aazar,28,"9,320"
stationary,1396,Aazar,29,"7,757"
stationary,1396,Aazar,30,"7,762"
stationary,1396,Dey,1,"1,796"
stationary,1396,Dey,2,"2,009"
stationary,1396,Dey,3,"2,901"
stationary,1396,Dey,4,"1,828"
stationary,1396,Dey,5,"1,922"
stationary,1396,Dey,6,"1,842"
stationary,1396,Dey,7,"1,695"
stationary,1396,Dey,8,"1,600"
stationary,1396,Dey,9,"2,313"
stationary,1396,Dey,10,"2,246"
stationary,1396,Dey,11,"2,055"
stationary,1396,Dey,12,"2,366"
stationary,1396,Dey,13,"2,743"
stationary,1396,Dey,14,"1,893"
stationary,1396,Dey,15,"2,268"
stationary,1396,Dey,16,"2,684"
stationary,1396,Dey,17,"2,374"
stationary,1396,Dey,18,"2,268"
stationary,1396,Dey,19,"3,165"
stationary,1396,Dey,20,"2,635"
stationary,1396,Dey,21,"1,658"
stationary,1396,Dey,22,"2,143"
stationary,1396,Dey,23,"2,040"
stationary,1396,Dey,24,"2,491"
stationary,1396,Dey,25,"2,181"
stationary,1396,Dey,26,"2,276"
stationary,1396,Dey,27,"2,103"
stationary,1396,Dey,28,"1,443"
stationary,1396,Dey,29,"1,554"
stationary,1396,Dey,30,"2,283"
stationary,1396,Bahman,1,"1,980"
stationary,1396,Bahman,2,"1,915"
stationary,1396,Bahman,3,"6,292"
stationary,1396,Bahman,4,"2,717"
stationary,1396,Bahman,5,"1,536"
stationary,1396,Bahman,6,"1,876"
stationary,1396,Bahman,7,"2,065"
stationary,1396,Bahman,8,"1,694"
stationary,1396,Bahman,9,"2,456"
stationary,1396,Bahman,10,"1,761"
stationary,1396,Bahman,11,"3,038"
stationary,1396,Bahman,12,"1,554"
stationary,1396,Bahman,13,"1,886"
stationary,1396,Bahman,14,"1,964"
stationary,1396,Bahman,15,"3,451"
stationary,1396,Bahman,16,"2,472"
stationary,1396,Bahman,17,"3,121"
stationary,1396,Bahman,18,"2,202"
stationary,1396,Bahman,19,"1,855"
stationary,1396,Bahman,20,"2,124"
stationary,1396,Bahman,21,"2,009"
stationary,1396,Bahman,22,"1,918"
stationary,1396,Bahman,23,"2,167"
stationary,1396,Bahman,24,"2,419"
stationary,1396,Bahman,25,"2,080"
stationary,1396,Bahman,26,"2,281"
stationary,1396,Bahman,27,"2,279"
stationary,1396,Bahman,28,"1,824"
stationary,1396,Bahman,29,"2,380"
stationary,1396,Bahman,30,"2,297"
stationary,1396,Esfand,1,"2,920"
stationary,1396,Esfand,2,"2,902"
stationary,1396,Esfand,3,"2,465"
stationary,1396,Esfand,4,"3,009"
stationary,1396,Esfand,5,"2,804"
stationary,1396,Esfand,6,"2,789"
stationary,1396,Esfand,7,"2,923"
stationary,1396,Esfand,8,"3,153"
stationary,1396,Esfand,9,"2,436"
stationary,1396,Esfand,10,"2,030"
stationary,1396,Esfand,11,"1,946"
stationary,1396,Esfand,12,"5,429"
stationary,1396,Esfand,13,"4,567"
stationary,1396,Esfand,14,"3,857"
stationary,1396,Esfand,15,"3,042"
stationary,1396,Esfand,16,"2,806"
stationary,1396,Esfand,17,"2,152"
stationary,1396,Esfand,18,"2,381"
stationary,1396,Esfand,19,"2,535"
stationary,1396,Esfand,20,"3,072"
stationary,1396,Esfand,21,"3,513"
stationary,1396,Esfand,22,"3,732"
stationary,1396,Esfand,23,"3,212"
stationary,1396,Esfand,24,"2,449"
stationary,1396,Esfand,25,"2,426"
stationary,1396,Esfand,26,"2,492"
stationary,1396,Esfand,27,"1,760"
stationary,1396,Esfand,28,"1,042"
stationary,1396,Esfand,29,813
stationary,1397,Farvardin,1,641
stationary,1397,Farvardin,2,895
stationary,1397,Farvardin,3,946
stationary,1397,Farvardin,4,900
stationary,1397,Farvardin,5,"1,583"
stationary,1397,Farvardin,6,"1,485"
stationary,1397,Farvardin,7,"1,607"
stationary,1397,Farvardin,8,"1,863"
stationary,1397,Farvardin,9,"1,350"
stationary,1397,Farvardin,10,"1,341"
stationary,1397,Farvardin,11,"1,166"
stationary,1397,Farvardin,12,"1,106"
stationary,1397,Farvardin,13,980
stationary,1397,Farvardin,14,"2,129"
stationary,1397,Farvardin,15,"2,572"
stationary,1397,Farvardin,16,"2,183"
stationary,1397,Farvardin,17,"1,772"
stationary,1397,Farvardin,18,"2,276"
stationary,1397,Farvardin,19,"2,355"
stationary,1397,Farvardin,20,"2,132"
stationary,1397,Farvardin,21,"2,058"
stationary,1397,Farvardin,22,"1,953"
stationary,1397,Farvardin,23,"1,502"
stationary,1397,Farvardin,24,"1,456"
stationary,1397,Farvardin,25,"1,436"
stationary,1397,Farvardin,26,"2,145"
stationary,1397,Farvardin,27,"1,859"
stationary,1397,Farvardin,28,"2,173"
stationary,1397,Farvardin,29,"2,073"
stationary,1397,Farvardin,30,"1,964"
stationary,1397,Farvardin,31,"1,351"
stationary,1397,Ordibehesht,1,"2,166"
stationary,1397,Ordibehesht,2,"2,430"
stationary,1397,Ordibehesht,3,"2,426"
stationary,1397,Ordibehesht,4,"2,117"
stationary,1397,Ordibehesht,5,"1,646"
stationary,1397,Ordibehesht,6,"1,422"
stationary,1397,Ordibehesht,7,"1,884"
stationary,1397,Ordibehesht,8,"1,721"
stationary,1397,Ordibehesht,9,"2,517"
stationary,1397,Ordibehesht,10,"2,367"
stationary,1397,Ordibehesht,11,"1,879"
stationary,1397,Ordibehesht,12,"1,273"
stationary,1397,Ordibehesht,13,"1,565"
stationary,1397,Ordibehesht,14,"1,569"
stationary,1397,Ordibehesht,15,"3,527"
stationary,1397,Ordibehesht,16,"1,760"
stationary,1397,Ordibehesht,17,"1,708"
stationary,1397,Ordibehesht,18,"1,945"
stationary,1397,Ordibehesht,19,"1,373"
stationary,1397,Ordibehesht,20,"1,331"
stationary,1397,Ordibehesht,21,"1,373"
stationary,1397,Ordibehesht,22,"1,687"
stationary,1397,Ordibehesht,23,"1,833"
stationary,1397,Ordibehesht,24,"1,333"
stationary,1397,Ordibehesht,25,"1,798"
stationary,1397,Ordibehesht,26,"1,739"
stationary,1397,Ordibehesht,27,"1,288"
stationary,1397,Ordibehesht,28,"1,386"
stationary,1397,Ordibehesht,29,"1,341"
stationary,1397,Ordibehesht,30,"1,585"
stationary,1397,Ordibehesht,31,"1,757"
stationary,1397,Khordad,1,"1,838"
stationary,1397,Khordad,2,"1,814"
stationary,1397,Khordad,3,"1,662"
stationary,1397,Khordad,4,"1,578"
stationary,1397,Khordad,5,"4,670"
stationary,1397,Khordad,6,"2,526"
stationary,1397,Khordad,7,"1,670"
stationary,1397,Khordad,8,"1,957"
stationary,1397,Khordad,9,"1,880"
stationary,1397,Khordad,10,"1,231"
stationary,1397,Khordad,11,"1,446"
stationary,1397,Khordad,12,"1,704"
stationary,1397,Khordad,13,"1,851"
stationary,1397,Khordad,14,"2,836"
stationary,1397,Khordad,15,"2,327"
stationary,1397,Khordad,16,"3,287"
stationary,1397,Khordad,17,"1,939"
stationary,1397,Khordad,18,"1,855"
stationary,1397,Khordad,19,"3,395"
stationary,1397,Khordad,20,"2,131"
stationary,1397,Khordad,21,"2,030"
stationary,1397,Khordad,22,"1,905"
stationary,1397,Khordad,23,"2,478"
stationary,1397,Khordad,24,"1,530"
stationary,1397,Khordad,25,"1,275"
stationary,1397,Khordad,26,"1,719"
stationary,1397,Khordad,27,"1,625"
stationary,1397,Khordad,28,"2,227"
stationary,1397,Khordad,29,"1,721"
stationary,1397,Khordad,30,"1,442"
stationary,1397,Khordad,31,"1,165"
stationary,1397,Tir,1,"1,400"
stationary,1397,Tir,2,"1,646"
stationary,1397,Tir,3,"1,774"
stationary,1397,Tir,4,"1,823"
stationary,1397,Tir,5,"2,747"
stationary,1397,Tir,6,"1,386"
stationary,1397,Tir,7,"1,429"
stationary,1397,Tir,8,"1,159"
stationary,1397,Tir,9,"2,477"
stationary,1397,Tir,10,"2,234"
stationary,1397,Tir,11,"2,009"
stationary,1397,Tir,12,"2,058"
stationary,1397,Tir,13,"1,504"
stationary,1397,Tir,14,"1,295"
stationary,1397,Tir,15,"2,808"
stationary,1397,Tir,16,"1,819"
stationary,1397,Tir,17,"1,721"
stationary,1397,Tir,18,"1,427"
stationary,1397,Tir,19,"2,143"
stationary,1397,Tir,20,"1,525"
stationary,1397,Tir,21,"1,225"
stationary,1397,Tir,22,"1,130"
stationary,1397,Tir,23,"1,529"
stationary,1397,Tir,24,"1,714"
stationary,1397,Tir,25,"1,541"
stationary,1397,Tir,26,"1,464"
stationary,1397,Tir,27,"3,230"
stationary,1397,Tir,28,"1,515"
stationary,1397,Tir,29,"1,621"
stationary,1397,Tir,30,"1,943"
stationary,1397,Tir,31,"1,918"
stationary,1397,Mordad,1,"2,453"
stationary,1397,Mordad,2,"2,300"
stationary,1397,Mordad,3,"2,426"
stationary,1397,Mordad,4,"1,630"
stationary,1397,Mordad,5,"1,959"
stationary,1397,Mordad,6,"1,823"
stationary,1397,Mordad,7,"2,311"
stationary,1397,Mordad,8,"2,213"
stationary,1397,Mordad,9,"2,212"
stationary,1397,Mordad,10,"2,267"
stationary,1397,Mordad,11,"1,707"
stationary,1397,Mordad,12,"1,908"
stationary,1397,Mordad,13,"2,052"
stationary,1397,Mordad,14,"2,426"
stationary,1397,Mordad,15,"2,332"
stationary,1397,Mordad,16,"2,192"
stationary,1397,Mordad,17,"2,678"
stationary,1397,Mordad,18,"1,743"
stationary,1397,Mordad,19,"1,786"
stationary,1397,Mordad,20,"2,307"
stationary,1397,Mordad,21,"2,545"
stationary,1397,Mordad,22,"2,818"
stationary,1397,Mordad,23,"2,687"
stationary,1397,Mordad,24,"2,398"
stationary,1397,Mordad,25,"2,327"
stationary,1397,Mordad,26,"2,079"
stationary,1397,Mordad,27,"3,524"
stationary,1397,Mordad,28,"3,963"
stationary,1397,Mordad,29,"3,455"
stationary,1397,Mordad,30,"3,272"
stationary,1397,Mordad,31,"3,284"
stationary,1397,Shahrivar,1,"3,549"
stationary,1397,Shahrivar,2,"5,089"
stationary,1397,Shahrivar,3,"5,298"
stationary,1397,Shahrivar,4,"5,893"
stationary,1397,Shahrivar,5,"7,211"
stationary,1397,Shahrivar,6,"8,245"
stationary,1397,Shahrivar,7,"7,979"
stationary,1397,Shahrivar,8,"5,454"
stationary,1397,Shahrivar,9,"7,220"
stationary,1397,Shahrivar,10,"10,184"
stationary,1397,Shahrivar,11,"10,986"
stationary,1397,Shahrivar,12,"9,146"
stationary,1397,Shahrivar,13,"8,632"
stationary,1397,Shahrivar,14,"8,278"
stationary,1397,Shahrivar,15,"7,057"
stationary,1397,Shahrivar,16,"7,435"
stationary,1397,Shahrivar,17,"12,634"
stationary,1397,Shahrivar,18,"10,080"
stationary,1397,Shahrivar,19,"12,838"
stationary,1397,Shahrivar,20,"10,171"
stationary,1397,Shahrivar,21,"9,138"
stationary,1397,Shahrivar,22,"12,104"
stationary,1397,Shahrivar,23,"8,726"
stationary,1397,Shahrivar,24,"10,566"
stationary,1397,Shahrivar,25,"10,703"
stationary,1397,Shahrivar,26,"9,580"
stationary,1397,Shahrivar,27,"9,358"
stationary,1397,Shahrivar,28,"5,235"
stationary,1397,Shahrivar,29,"5,726"
stationary,1397,Shahrivar,30,"7,080"
stationary,1397,Shahrivar,31,"8,425"
stationary,1397,Mehr,1,"7,911"
stationary,1397,Mehr,2,"7,140"
stationary,1397,Mehr,3,"6,644"
stationary,1397,Mehr,4,"5,965"
stationary,1397,Mehr,5,"5,197"
stationary,1397,Mehr,6,"4,836"
stationary,1397,Mehr,7,"5,727"
stationary,1397,Mehr,8,"4,823"
stationary,1397,Mehr,9,"5,695"
stationary,1397,Mehr,10,"4,635"
stationary,1397,Mehr,11,"2,908"
stationary,1397,Mehr,12,"4,963"
stationary,1397,Mehr,13,"3,730"
stationary,1397,Mehr,14,"3,107"
stationary,1397,Mehr,15,"3,994"
stationary,1397,Mehr,16,"4,715"
stationary,1397,Mehr,17,"4,410"
stationary,1397,Mehr,18,"3,107"
stationary,1397,Mehr,19,"2,899"
stationary,1397,Mehr,20,"2,587"
stationary,1397,Mehr,21,"3,675"
stationary,1397,Mehr,22,"5,597"
stationary,1397,Mehr,23,"3,196"
stationary,1397,Mehr,24,"3,091"
stationary,1397,Mehr,25,"2,768"
stationary,1397,Mehr,26,"2,517"
stationary,1397,Mehr,27,"2,428"
stationary,1397,Mehr,28,"2,975"
stationary,1397,Mehr,29,"3,164"
stationary,1397,Mehr,30,"3,128"
stationary,1397,Aaban,1,"3,366"
stationary,1397,Aaban,2,"2,593"
stationary,1397,Aaban,3,"2,421"
stationary,1397,Aaban,4,"2,783"
stationary,1397,Aaban,5,"2,932"
stationary,1397,Aaban,6,"3,308"
stationary,1397,Aaban,7,"2,803"
stationary,1397,Aaban,8,"2,796"
stationary,1397,Aaban,9,"2,983"
stationary,1397,Aaban,10,"2,138"
stationary,1397,Aaban,11,"2,094"
stationary,1397,Aaban,12,"2,745"
stationary,1397,Aaban,13,"2,372"
stationary,1397,Aaban,14,"2,464"
stationary,1397,Aaban,15,"1,981"
stationary,1397,Aaban,16,"2,139"
stationary,1397,Aaban,17,"2,019"
stationary,1397,Aaban,18,"2,019"
stationary,1397,Aaban,19,"2,680"
stationary,1397,Aaban,20,"2,747"
stationary,1397,Aaban,21,"3,062"
stationary,1397,Aaban,22,"2,764"
stationary,1397,Aaban,23,"2,247"
stationary,1397,Aaban,24,"1,940"
stationary,1397,Aaban,25,"2,061"
stationary,1397,Aaban,26,"2,576"
stationary,1397,Aaban,27,"2,444"
stationary,1397,Aaban,28,"3,193"
stationary,1397,Aaban,29,"3,412"
stationary,1397,Aaban,30,"2,388"
stationary,1397,Aazar,1,"2,232"
stationary,1397,Aazar,2,"3,490"
stationary,1397,Aazar,3,"2,842"
stationary,1397,Aazar,4,"2,804"
stationary,1397,Aazar,5,"2,803"
stationary,1397,Aazar,6,"2,800"
stationary,1397,Aazar,7,"3,053"
stationary,1397,Aazar,8,"2,239"
stationary,1397,Aazar,9,"2,514"
stationary,1397,Aazar,10,"4,082"
stationary,1397,Aazar,11,"3,706"
stationary,1397,Aazar,12,"3,077"
stationary,1397,Aazar,13,"2,918"
stationary,1397,Aazar,14,"4,250"
stationary,1397,Aazar,15,"2,373"
stationary,1397,Aazar,16,"2,484"
stationary,1397,Aazar,17,"2,715"
stationary,1397,Aazar,18,"2,702"
stationary,1397,Aazar,19,"2,601"
stationary,1397,Aazar,20,"2,628"
stationary,1397,Aazar,21,"2,649"
stationary,1397,Aazar,22,"2,017"
stationary,1397,Aazar,23,"2,087"
stationary,1397,Aazar,24,"2,811"
stationary,1397,Aazar,25,"3,828"
stationary,1397,Aazar,26,"3,123"
stationary,1397,Aazar,27,"9,367"
stationary,1397,Aazar,28,"8,721"
stationary,1397,Aazar,29,"9,740"
stationary,1397,Aazar,30,"10,819"
stationary,1397,Dey,1,"4,066"
stationary,1397,Dey,2,"3,080"
stationary,1397,Dey,3,"2,843"
stationary,1397,Dey,4,"2,912"
stationary,1397,Dey,5,"2,885"
stationary,1397,Dey,6,"3,486"
stationary,1397,Dey,7,"2,957"
stationary,1397,Dey,8,"3,357"
stationary,1397,Dey,9,"3,367"
stationary,1397,Dey,10,"3,492"
stationary,1397,Dey,11,"5,372"
stationary,1397,Dey,12,"3,433"
stationary,1397,Dey,13,"2,666"
stationary,1397,Dey,14,"2,747"
stationary,1397,Dey,15,"3,685"
stationary,1397,Dey,16,"3,991"
stationary,1397,Dey,17,"3,647"
stationary,1397,Dey,18,"5,415"
stationary,1397,Dey,19,"5,667"
stationary,1397,Dey,20,"3,286"
stationary,1397,Dey,21,"3,023"
stationary,1397,Dey,22,"4,192"
stationary,1397,Dey,23,"4,011"
stationary,1397,Dey,24,"3,464"
stationary,1397,Dey,25,"4,546"
stationary,1397,Dey,26,"4,206"
stationary,1397,Dey,27,"3,493"
stationary,1397,Dey,28,"3,066"
stationary,1397,Dey,29,"4,515"
stationary,1397,Dey,30,"4,906"
stationary,1397,Bahman,1,"5,046"
stationary,1397,Bahman,2,"5,305"
stationary,1397,Bahman,3,"4,823"
stationary,1397,Bahman,4,"3,545"
stationary,1397,Bahman,5,"3,317"
stationary,1397,Bahman,6,"11,806"
stationary,1397,Bahman,7,"8,061"
stationary,1397,Bahman,8,"5,160"
stationary,1397,Bahman,9,"6,766"
stationary,1397,Bahman,10,"4,133"
stationary,1397,Bahman,11,"3,262"
stationary,1397,Bahman,12,"3,574"
stationary,1397,Bahman,13,"4,553"
stationary,1397,Bahman,14,"4,411"
stationary,1397,Bahman,15,"4,302"
stationary,1397,Bahman,16,"3,940"
stationary,1397,Bahman,17,"3,583"
stationary,1397,Bahman,18,"2,589"
stationary,1397,Bahman,19,"2,888"
stationary,1397,Bahman,20,"3,004"
stationary,1397,Bahman,21,"3,023"
stationary,1397,Bahman,22,"3,333"
stationary,1397,Bahman,23,"3,825"
stationary,1397,Bahman,24,"3,476"
stationary,1397,Bahman,25,"3,093"
stationary,1397,Bahman,26,"3,492"
stationary,1397,Bahman,27,"3,654"
stationary,1397,Bahman,28,"5,135"
stationary,1397,Bahman,29,"4,502"
stationary,1397,Bahman,30,"4,115"
stationary,1397,Esfand,1,"8,978"
stationary,1397,Esfand,2,"7,312"
stationary,1397,Esfand,3,"8,789"
stationary,1397,Esfand,4,"5,040"
stationary,1397,Esfand,5,"4,256"
stationary,1397,Esfand,6,"6,552"
stationary,1397,Esfand,7,"5,599"
stationary,1397,Esfand,8,"4,855"
stationary,1397,Esfand,9,"4,518"
stationary,1397,Esfand,10,"3,968"
stationary,1397,Esfand,11,"9,024"
stationary,1397,Esfand,12,"4,871"
stationary,1397,Esfand,13,"4,267"
stationary,1397,Esfand,14,"5,916"
stationary,1397,Esfand,15,"5,575"
stationary,1397,Esfand,16,"3,466"
stationary,1397,Esfand,17,"3,654"
stationary,1397,Esfand,18,"5,044"
stationary,1397,Esfand,19,"4,382"
stationary,1397,Esfand,20,"4,724"
stationary,1397,Esfand,21,"4,581"
stationary,1397,Esfand,22,"5,702"
stationary,1397,Esfand,23,"3,979"
stationary,1397,Esfand,24,"3,532"
stationary,1397,Esfand,25,"7,000"
stationary,1397,Esfand,26,"4,453"
stationary,1397,Esfand,27,"2,731"
stationary,1397,Esfand,28,"2,727"
stationary,1397,Esfand,29,"2,155"
stationary,1398,Farvardin,1,"1,490"
stationary,1398,Farvardin,2,"1,742"
stationary,1398,Farvardin,3,"2,016"
stationary,1398,Farvardin,4,"2,009"
stationary,1398,Farvardin,5,"3,097"
stationary,1398,Farvardin,6,"2,825"
stationary,1398,Farvardin,7,"3,020"
stationary,1398,Farvardin,8,"2,272"
stationary,1398,Farvardin,9,"2,143"
stationary,1398,Farvardin,10,"4,465"
stationary,1398,Farvardin,11,"3,961"
stationary,1398,Farvardin,12,"2,726"
stationary,1398,Farvardin,13,"2,240"
stationary,1398,Farvardin,14,"3,681"
stationary,1398,Farvardin,15,"2,989"
stationary,1398,Farvardin,16,"3,095"
stationary,1398,Farvardin,17,"4,798"
stationary,1398,Farvardin,18,"5,548"
stationary,1398,Farvardin,19,"6,661"
stationary,1398,Farvardin,20,"7,843"
stationary,1398,Farvardin,21,"4,885"
stationary,1398,Farvardin,22,"3,263"
stationary,1398,Farvardin,23,"3,122"
stationary,1398,Farvardin,24,"4,270"
stationary,1398,Farvardin,25,"6,559"
stationary,1398,Farvardin,26,"4,260"
stationary,1398,Farvardin,27,"5,046"
stationary,1398,Farvardin,28,"3,962"
stationary,1398,Farvardin,29,"3,151"
stationary,1398,Farvardin,30,"4,927"
stationary,1398,Farvardin,31,"3,536"
stationary,1398,Ordibehesht,1,"3,737"
stationary,1398,Ordibehesht,2,"4,579"
stationary,1398,Ordibehesht,3,"4,822"
stationary,1398,Ordibehesht,4,"4,841"
stationary,1398,Ordibehesht,5,"3,395"
stationary,1398,Ordibehesht,6,"3,667"
stationary,1398,Ordibehesht,7,"5,446"
stationary,1398,Ordibehesht,8,"6,009"
stationary,1398,Ordibehesht,9,"5,827"
stationary,1398,Ordibehesht,10,"5,393"
stationary,1398,Ordibehesht,11,"4,603"
stationary,1398,Ordibehesht,12,"4,155"
stationary,1398,Ordibehesht,13,"3,163"
stationary,1398,Ordibehesht,14,"4,766"
stationary,1398,Ordibehesht,15,"4,731"
stationary,1398,Ordibehesht,16,"5,324"
stationary,1398,Ordibehesht,17,"4,546"
stationary,1398,Ordibehesht,18,"4,941"
stationary,1398,Ordibehesht,19,"5,578"
stationary,1398,Ordibehesht,20,"3,811"
stationary,1398,Ordibehesht,21,"4,144"
stationary,1398,Ordibehesht,22,"4,816"
stationary,1398,Ordibehesht,23,"4,658"
stationary,1398,Ordibehesht,24,"3,849"
stationary,1398,Ordibehesht,25,"3,731"
stationary,1398,Ordibehesht,26,"3,737"
stationary,1398,Ordibehesht,27,"3,437"
stationary,1398,Ordibehesht,28,"7,132"
stationary,1398,Ordibehesht,29,"4,753"
stationary,1398,Ordibehesht,30,"4,234"
stationary,1398,Ordibehesht,31,"4,423"
stationary,1398,Khordad,1,"5,071"
stationary,1398,Khordad,2,"4,011"
stationary,1398,Khordad,3,"3,665"
stationary,1398,Khordad,4,"5,023"
stationary,1398,Khordad,5,"5,146"
stationary,1398,Khordad,6,"3,405"
stationary,1398,Khordad,7,"5,348"
stationary,1398,Khordad,8,"4,670"
stationary,1398,Khordad,9,"3,405"
stationary,1398,Khordad,10,"3,529"
stationary,1398,Khordad,11,"3,863"
stationary,1398,Khordad,12,"4,493"
stationary,1398,Khordad,13,"4,361"
stationary,1398,Khordad,14,"2,733"
stationary,1398,Khordad,15,"2,771"
stationary,1398,Khordad,16,"3,570"
stationary,1398,Khordad,17,"3,584"
stationary,1398,Khordad,18,"3,728"
stationary,1398,Khordad,19,"4,073"
stationary,1398,Khordad,20,"4,502"
stationary,1398,Khordad,21,"5,268"
stationary,1398,Khordad,22,"3,804"
stationary,1398,Khordad,23,"2,848"
stationary,1398,Khordad,24,"2,818"
stationary,1398,Khordad,25,"8,095"
stationary,1398,Khordad,26,"6,017"
stationary,1398,Khordad,27,"8,019"
stationary,1398,Khordad,28,"3,749"
stationary,1398,Khordad,29,"3,437"
stationary,1398,Khordad,30,"3,146"
stationary,1398,Khordad,31,"2,916"
stationary,1398,Tir,1,"3,942"
stationary,1398,Tir,2,"4,815"
stationary,1398,Tir,3,"4,848"
stationary,1398,Tir,4,"6,017"
stationary,1398,Tir,5,"7,692"
stationary,1398,Tir,6,"4,732"
stationary,1398,Tir,7,"2,905"
stationary,1398,Tir,8,"3,552"
stationary,1398,Tir,9,"4,060"
stationary,1398,Tir,10,"5,695"
stationary,1398,Tir,11,"5,064"
stationary,1398,Tir,12,"4,479"
stationary,1398,Tir,13,"3,170"
stationary,1398,Tir,14,"2,957"
stationary,1398,Tir,15,"4,619"
stationary,1398,Tir,16,"5,744"
stationary,1398,Tir,17,"4,679"
stationary,1398,Tir,18,"5,081"
stationary,1398,Tir,19,"6,833"
stationary,1398,Tir,20,"4,248"
stationary,1398,Tir,21,"3,248"
stationary,1398,Tir,22,"5,947"
stationary,1398,Tir,23,"5,002"
stationary,1398,Tir,24,"5,019"
stationary,1398,Tir,25,"5,013"
stationary,1398,Tir,26,"4,474"
stationary,1398,Tir,27,"4,264"
stationary,1398,Tir,28,"3,380"
stationary,1398,Tir,29,"7,220"
stationary,1398,Tir,30,"6,567"
stationary,1398,Tir,31,"6,338"
stationary,1398,Mordad,1,"6,686"
stationary,1398,Mordad,2,"5,072"
stationary,1398,Mordad,3,"3,954"
stationary,1398,Mordad,4,"3,592"
stationary,1398,Mordad,5,"8,875"
stationary,1398,Mordad,6,"8,312"
stationary,1398,Mordad,7,"8,543"
stationary,1398,Mordad,8,"5,218"
stationary,1398,Mordad,9,"4,578"
stationary,1398,Mordad,10,"4,131"
stationary,1398,Mordad,11,"3,842"
stationary,1398,Mordad,12,"7,479"
stationary,1398,Mordad,13,"5,352"
stationary,1398,Mordad,14,"6,320"
stationary,1398,Mordad,15,"5,188"
stationary,1398,Mordad,16,"5,503"
stationary,1398,Mordad,17,"4,977"
stationary,1398,Mordad,18,"3,833"
stationary,1398,Mordad,19,"5,263"
stationary,1398,Mordad,20,"6,229"
stationary,1398,Mordad,21,"4,642"
stationary,1398,Mordad,22,"5,932"
stationary,1398,Mordad,23,"5,272"
stationary,1398,Mordad,24,"5,071"
stationary,1398,Mordad,25,"4,085"
stationary,1398,Mordad,26,"6,272"
stationary,1398,Mordad,27,"6,929"
stationary,1398,Mordad,28,"5,823"
stationary,1398,Mordad,29,"6,066"
stationary,1398,Mordad,30,"6,425"
stationary,1398,Mordad,31,"5,496"
stationary,1398,Shahrivar,1,"8,032"
stationary,1398,Shahrivar,2,"7,414"
stationary,1398,Shahrivar,3,"8,147"
stationary,1398,Shahrivar,4,"10,563"
stationary,1398,Shahrivar,5,"7,956"
stationary,1398,Shahrivar,6,"9,817"
stationary,1398,Shahrivar,7,"10,914"
stationary,1398,Shahrivar,8,"11,057"
stationary,1398,Shahrivar,9,"14,238"
stationary,1398,Shahrivar,10,"13,457"
stationary,1398,Shahrivar,11,"13,437"
stationary,1398,Shahrivar,12,"12,495"
stationary,1398,Shahrivar,13,"13,066"
stationary,1398,Shahrivar,14,"9,817"
stationary,1398,Shahrivar,15,"8,652"
stationary,1398,Shahrivar,16,"8,798"
stationary,1398,Shahrivar,17,"12,803"
stationary,1398,Shahrivar,18,"8,445"
stationary,1398,Shahrivar,19,"8,772"
stationary,1398,Shahrivar,20,"12,781"
stationary,1398,Shahrivar,21,"12,009"
stationary,1398,Shahrivar,22,"13,616"
stationary,1398,Shahrivar,23,"15,933"
stationary,1398,Shahrivar,24,"17,979"
stationary,1398,Shahrivar,25,"17,312"
stationary,1398,Shahrivar,26,"23,162"
stationary,1398,Shahrivar,27,"21,596"
stationary,1398,Shahrivar,28,"12,624"
stationary,1398,Shahrivar,29,"11,455"
stationary,1398,Shahrivar,30,"12,979"
stationary,1398,Shahrivar,31,"14,038"
stationary,1398,Mehr,1,"13,926"
stationary,1398,Mehr,2,"11,834"
stationary,1398,Mehr,3,"9,657"
stationary,1398,Mehr,4,"9,009"
stationary,1398,Mehr,5,"11,981"
stationary,1398,Mehr,6,"9,045"
stationary,1398,Mehr,7,"11,666"
stationary,1398,Mehr,8,"8,708"
stationary,1398,Mehr,9,"8,267"
stationary,1398,Mehr,10,"8,228"
stationary,1398,Mehr,11,"7,629"
stationary,1398,Mehr,12,"6,894"
stationary,1398,Mehr,13,"10,172"
stationary,1398,Mehr,14,"8,609"
stationary,1398,Mehr,15,"9,405"
stationary,1398,Mehr,16,"9,804"
stationary,1398,Mehr,17,"7,438"
stationary,1398,Mehr,18,"6,618"
stationary,1398,Mehr,19,"6,335"
stationary,1398,Mehr,20,"7,659"
stationary,1398,Mehr,21,"6,903"
stationary,1398,Mehr,22,"7,038"
stationary,1398,Mehr,23,"6,495"
stationary,1398,Mehr,24,"7,385"
stationary,1398,Mehr,25,"5,125"
stationary,1398,Mehr,26,"4,921"
stationary,1398,Mehr,27,"5,750"
stationary,1398,Mehr,28,"6,318"
stationary,1398,Mehr,29,"7,067"
stationary,1398,Mehr,30,"6,300"
stationary,1398,Aaban,1,"6,374"
stationary,1398,Aaban,2,"6,171"
stationary,1398,Aaban,3,"5,285"
stationary,1398,Aaban,4,"7,409"
stationary,1398,Aaban,5,"8,833"
stationary,1398,Aaban,6,"8,628"
stationary,1398,Aaban,7,"8,029"
stationary,1398,Aaban,8,"6,315"
stationary,1398,Aaban,9,"5,575"
stationary,1398,Aaban,10,"5,779"
stationary,1398,Aaban,11,"7,556"
stationary,1398,Aaban,12,"6,399"
stationary,1398,Aaban,13,"7,427"
stationary,1398,Aaban,14,"6,376"
stationary,1398,Aaban,15,"6,667"
stationary,1398,Aaban,16,"7,209"
stationary,1398,Aaban,17,"6,052"
stationary,1398,Aaban,18,"8,212"
stationary,1398,Aaban,19,"9,159"
stationary,1398,Aaban,20,"7,752"
stationary,1398,Aaban,21,"7,088"
stationary,1398,Aaban,22,"6,481"
stationary,1398,Aaban,23,"6,342"
stationary,1398,Aaban,24,"6,327"
stationary,1398,Aaban,25,"5,562"
stationary,1398,Aaban,26,"4,283"
stationary,1398,Aaban,27,"7,144"
stationary,1398,Aaban,28,"7,624"
stationary,1398,Aaban,29,"7,974"
stationary,1398,Aaban,30,"8,180"
stationary,1398,Aazar,1,"10,462"
stationary,1398,Aazar,2,"14,682"
stationary,1398,Aazar,3,"10,024"
stationary,1398,Aazar,4,"9,401"
stationary,1398,Aazar,5,"8,155"
stationary,1398,Aazar,6,"8,201"
stationary,1398,Aazar,7,"5,565"
stationary,1398,Aazar,8,"27,892"
stationary,1398,Aazar,9,"8,610"
stationary,1398,Aazar,10,"7,400"
stationary,1398,Aazar,11,"7,542"
stationary,1398,Aazar,12,"7,892"
stationary,1398,Aazar,13,"6,985"
stationary,1398,Aazar,14,"5,985"
stationary,1398,Aazar,15,"5,946"
stationary,1398,Aazar,16,"7,546"
stationary,1398,Aazar,17,"7,668"
stationary,1398,Aazar,18,"7,634"
stationary,1398,Aazar,19,"7,808"
stationary,1398,Aazar,20,"7,743"
stationary,1398,Aazar,21,"5,748"
stationary,1398,Aazar,22,"5,691"
stationary,1398,Aazar,23,"8,260"
stationary,1398,Aazar,24,"7,602"
stationary,1398,Aazar,25,"8,009"
stationary,1398,Aazar,26,"8,540"
stationary,1398,Aazar,27,"6,549"
stationary,1398,Aazar,28,"4,864"
stationary,1398,Aazar,29,"23,996"
stationary,1398,Aazar,30,"23,687"
stationary,1398,Dey,1,"8,660"
stationary,1398,Dey,2,"8,820"
stationary,1398,Dey,3,"9,100"
stationary,1398,Dey,4,"7,147"
stationary,1398,Dey,5,"5,691"
stationary,1398,Dey,6,"5,937"
stationary,1398,Dey,7,"13,793"
stationary,1398,Dey,8,"7,511"
stationary,1398,Dey,9,"10,009"
stationary,1398,Dey,10,"9,604"
stationary,1398,Dey,11,"7,263"
stationary,1398,Dey,12,"6,663"
stationary,1398,Dey,13,"5,928"
stationary,1398,Dey,14,"8,635"
stationary,1398,Dey,15,"7,869"
stationary,1398,Dey,16,"6,626"
stationary,1398,Dey,17,"8,344"
stationary,1398,Dey,18,"7,546"
stationary,1398,Dey,19,"6,451"
stationary,1398,Dey,20,"6,553"
stationary,1398,Dey,21,"7,703"
stationary,1398,Dey,22,"7,986"
stationary,1398,Dey,23,"8,480"
stationary,1398,Dey,24,"9,320"
stationary,1398,Dey,25,"8,252"
stationary,1398,Dey,26,"6,762"
stationary,1398,Dey,27,"7,491"
stationary,1398,Dey,28,"9,709"
stationary,1398,Dey,29,"11,039"
stationary,1398,Dey,30,"9,261"
stationary,1398,Bahman,1,"9,611"
stationary,1398,Bahman,2,"9,450"
stationary,1398,Bahman,3,"7,251"
stationary,1398,Bahman,4,"7,108"
stationary,1398,Bahman,5,"16,726"
stationary,1398,Bahman,6,"15,630"
stationary,1398,Bahman,7,"10,182"
stationary,1398,Bahman,8,"8,833"
stationary,1398,Bahman,9,"7,528"
stationary,1398,Bahman,10,"6,881"
stationary,1398,Bahman,11,"7,161"
stationary,1398,Bahman,12,"8,606"
stationary,1398,Bahman,13,"9,806"
stationary,1398,Bahman,14,"9,591"
stationary,1398,Bahman,15,"10,024"
stationary,1398,Bahman,16,"9,352"
stationary,1398,Bahman,17,"7,721"
stationary,1398,Bahman,18,"7,965"
stationary,1398,Bahman,19,"10,016"
stationary,1398,Bahman,20,"9,510"
stationary,1398,Bahman,21,"8,344"
stationary,1398,Bahman,22,"7,874"
stationary,1398,Bahman,23,"9,688"
stationary,1398,Bahman,24,"6,859"
stationary,1398,Bahman,25,"6,803"
stationary,1398,Bahman,26,"8,936"
stationary,1398,Bahman,27,"9,484"
stationary,1398,Bahman,28,"10,389"
stationary,1398,Bahman,29,"10,290"
stationary,1398,Bahman,30,"10,647"
stationary,1398,Esfand,1,"8,805"
stationary,1398,Esfand,2,"7,948"
stationary,1398,Esfand,3,"11,920"
stationary,1398,Esfand,4,"10,497"
stationary,1398,Esfand,5,"12,033"
stationary,1398,Esfand,6,"13,754"
stationary,1398,Esfand,7,"11,467"
stationary,1398,Esfand,8,"10,370"
stationary,1398,Esfand,9,"10,604"
stationary,1398,Esfand,10,"10,412"
stationary,1398,Esfand,11,"10,851"
stationary,1398,Esfand,12,"11,133"
stationary,1398,Esfand,13,"12,088"
stationary,1398,Esfand,14,"11,915"
stationary,1398,Esfand,15,"10,696"
stationary,1398,Esfand,16,"10,374"
stationary,1398,Esfand,17,"10,938"
stationary,1398,Esfand,18,"11,439"
stationary,1398,Esfand,19,"12,055"
stationary,1398,Esfand,20,"13,028"
stationary,1398,Esfand,21,"11,631"
stationary,1398,Esfand,22,"9,346"
stationary,1398,Esfand,23,"4,928"
stationary,1398,Esfand,24,"7,234"
stationary,1398,Esfand,25,"4,689"
stationary,1398,Esfand,26,"5,562"
stationary,1398,Esfand,27,"3,111"
stationary,1398,Esfand,28,"2,547"
stationary,1398,Esfand,29,"2,458"
